season,gw,element,name,position,team,team_id,opponent_team,was_home,kickoff_time,minutes,total_points,goals_scored,assists,clean_sheets,goals_conceded,bonus,bps,influence,creativity,threat,ict_index,expected_goals,expected_assists,expected_goal_involvements,expected_goals_conceded,starts,value
2026-27,4,1,Raya,GK,ARS,1,20,0,2026-09-12T19:00:00Z,90,14,0,0,1,0,3,38,37.8,0.2,0.0,3.8,0.0,0.0,0.0,1.8,1,60
2026-27,4,2,Arrizabalaga,GK,ARS,1,20,0,2026-09-12T19:00:00Z,0,0,0,0,0,0,0,0,0.0,0.0,0.0,0.0,0.0,0.0,0.0,0.0,0,49
2026-27,4,3,Meslier,GK,ARS,1,20,0,2026-09-12T19:00:00Z,0,0,0,0,0,0,0,0,0.0,0.0,0.0,0.0,0.0,0.0,0.0,0.0,0,49
2026-27,4,4,Gabriel,DEF,ARS,1,20,0,2026-09-12T19:00:00Z,90,9,0,0,1,0,2,30,20.6,1.5,1.0,2.3,0.02,0.01,0.03,1.8,1,80
2026-27,4,5,J.Timber,DEF,ARS,1,20,0,2026-09-12T19:00:00Z,45,1,0,0,0,0,0,3,6.0,1.9,0.0,0.8,0.0,0.01,0.01,1.57,0,65
2026-27,4,6,Saliba,DEF,ARS,1,20,0,2026-09-12T19:00:00Z,0,0,0,0,0,0,0,0,0.0,0.0,0.0,0.0,0.0,0.0,0.0,0.0,0,59
2026-27,4,7,Lewis-Skelly,MID,ARS,1,20,0,2026-09-12T19:00:00Z,45,1,0,0,0,0,0,2,0.0,1.4,0.0,0.0,0.0,0.0,0.0,0.23,1,55
2026-27,4,8,Calafiori,DEF,ARS,1,20,0,2026-09-12T19:00:00Z,90,6,0,0,1,0,0,18,8.8,1.7,7.0,1.8,0.06,0.01,0.07,1.8,1,58
2026-27,4,9,Hincapie,DEF,ARS,1,20,0,2026-09-12T19:00:00Z,0,0,0,0,0,0,0,0,0.0,0.0,0.0,0.0,0.0,0.0,0.0,0.0,0,53
2026-27,4,10,White,DEF,ARS,1,20,0,2026-09-12T19:00:00Z,45,1,0,0,0,0,0,4,4.2,0.8,6.0,1.1,0.0,0.0,0.0,0.23,1,55
2026-27,4,11,Mosquera,DEF,ARS,1,20,0,2026-09-12T19:00:00Z,0,0,0,0,0,0,0,0,0.0,0.0,0.0,0.0,0.0,0.0,0.0,0.0,0,54
2026-27,4,12,Saka,MID,ARS,1,20,0,2026-09-12T19:00:00Z,90,8,1,0,1,0,0,28,45.4,16.9,57.0,11.9,1.38,0.08,1.46,1.8,1,95
2026-27,4,13,Rice,MID,ARS,1,20,0,2026-09-12T19:00:00Z,80,6,0,1,1,0,0,27,45.0,36.4,0.0,8.1,0.0,0.37,0.37,1.41,1,74
2026-27,4,14,Eze,MID,ARS,1,20,0,2026-09-12T19:00:00Z,9,1,0,0,0,0,0,3,0.2,0.0,2.0,0.2,0.0,0.0,0.0,0.4,0,63
2026-27,4,15,Ødegaard,MID,ARS,1,20,0,2026-09-12T19:00:00Z,84,3,0,0,1,0,0,26,19.4,58.2,2.0,8.0,0.0,0.25,0.25,1.8,1,67
2026-27,4,16,Madueke,MID,ARS,1,20,0,2026-09-12T19:00:00Z,0,0,0,0,0,0,0,0,0.0,0.0,0.0,0.0,0.0,0.0,0.0,0.0,0,63
2026-27,4,17,Merino,MID,ARS,1,20,0,2026-09-12T19:00:00Z,5,1,0,0,0,0,0,3,0.2,0.1,0.0,0.0,0.0,0.0,0.0,0.0,0,58
2026-27,4,18,Martinelli,MID,ARS,1,20,0,2026-09-12T19:00:00Z,0,0,0,0,0,0,0,0,0.0,0.0,0.0,0.0,0.0,0.0,0.0,0.0,0,63
2026-27,4,19,Zubimendi,MID,ARS,1,20,0,2026-09-12T19:00:00Z,9,1,0,0,0,0,0,5,3.4,0.2,0.0,0.4,0.0,0.0,0.0,0.4,0,54
2026-27,4,20,Dowman,MID,ARS,1,20,0,2026-09-12T19:00:00Z,0,0,0,0,0,0,0,0,0.0,0.0,0.0,0.0,0.0,0.0,0.0,0.0,0,53
2026-27,4,21,Nørgaard,MID,EVE,9,19,0,2026-09-12T16:30:00Z,0,0,0,0,0,0,0,0,0.0,0.0,0.0,0.0,0.0,0.0,0.0,0.0,0,49
2026-27,4,22,Nwaneri,MID,ARS,1,20,0,2026-09-12T19:00:00Z,0,0,0,0,0,0,0,0,0.0,0.0,0.0,0.0,0.0,0.0,0.0,0.0,0,54
2026-27,4,23,Fábio Vieira,MID,ARS,1,20,0,2026-09-12T19:00:00Z,0,0,0,0,0,0,0,0,0.0,0.0,0.0,0.0,0.0,0.0,0.0,0.0,0,55
2026-27,4,24,Nelson,MID,ARS,1,20,0,2026-09-12T19:00:00Z,0,0,0,0,0,0,0,0,0.0,0.0,0.0,0.0,0.0,0.0,0.0,0.0,0,55
2026-27,4,25,Gyökeres,FWD,ARS,1,20,0,2026-09-12T19:00:00Z,0,0,0,0,0,0,0,0,0.0,0.0,0.0,0.0,0.0,0.0,0.0,0.0,0,72
2026-27,4,26,Havertz,FWD,ARS,1,20,0,2026-09-12T19:00:00Z,90,1,0,0,1,0,0,0,1.6,12.4,32.0,4.6,0.34,0.02,0.36,1.8,1,75
2026-27,4,27,G.Jesus,FWD,ARS,1,20,0,2026-09-12T19:00:00Z,0,0,0,0,0,0,0,0,0.0,0.0,0.0,0.0,0.0,0.0,0.0,0.0,0,59
2026-27,4,28,Martinez,GK,CHE,6,11,1,2026-09-12T14:00:00Z,90,2,0,0,0,2,0,10,19.6,0.0,0.0,2.0,0.0,0.0,0.0,1.38,1,50
2026-27,4,29,M.Bizot,GK,AVL,2,18,1,2026-09-12T14:00:00Z,0,0,0,0,0,0,0,0,0.0,0.0,0.0,0.0,0.0,0.0,0.0,0.0,0,45
2026-27,4,30,Digne,DEF,AVL,2,18,1,2026-09-12T14:00:00Z,0,0,0,0,0,0,0,0,0.0,0.0,0.0,0.0,0.0,0.0,0.0,0.0,0,45
2026-27,4,31,Konsa,DEF,ARS,1,20,0,2026-09-12T19:00:00Z,90,6,0,0,1,0,0,16,11.8,0.2,0.0,1.2,0.0,0.0,0.0,1.8,1,45
2026-27,4,32,Cash,DEF,AVL,2,18,1,2026-09-12T14:00:00Z,0,0,0,0,0,0,0,0,0.0,0.0,0.0,0.0,0.0,0.0,0.0,0.0,0,45
2026-27,4,33,Mings,DEF,AVL,2,18,1,2026-09-12T14:00:00Z,65,0,0,0,0,2,0,0,15.6,0.6,4.0,2.0,0.09,0.0,0.09,2.08,0,45
2026-27,4,34,Pau,DEF,AVL,2,18,1,2026-09-12T14:00:00Z,24,1,0,0,0,0,0,4,0.2,0.4,2.0,0.3,0.0,0.0,0.0,0.2,1,45
2026-27,4,35,Bogarde,MID,AVL,2,18,1,2026-09-12T14:00:00Z,0,0,0,0,0,0,0,0,0.0,0.0,0.0,0.0,0.0,0.0,0.0,0.0,0,50
2026-27,4,36,Maatsen,DEF,AVL,2,18,1,2026-09-12T14:00:00Z,90,1,0,0,0,2,0,7,10.2,3.4,24.0,3.8,0.18,0.03,0.21,1.66,1,45
2026-27,4,37,Lindelöf,DEF,AVL,2,18,1,2026-09-12T14:00:00Z,90,1,0,0,0,2,0,2,16.4,1.1,35.0,5.3,0.44,0.01,0.45,2.28,1,45
2026-27,4,38,A.García,DEF,AVL,2,18,1,2026-09-12T14:00:00Z,0,0,0,0,0,0,0,0,0.0,0.0,0.0,0.0,0.0,0.0,0.0,0.0,0,40
2026-27,4,39,Nedeljkovic,DEF,AVL,2,18,1,2026-09-12T14:00:00Z,0,0,0,0,0,0,0,0,0.0,0.0,0.0,0.0,0.0,0.0,0.0,0.0,0,40
2026-27,4,40,Rogers,MID,CHE,6,11,1,2026-09-12T14:00:00Z,90,8,1,0,0,2,1,31,43.2,5.9,42.0,9.1,0.21,0.02,0.23,1.38,1,76
2026-27,4,41,Buendía,MID,AVL,2,18,1,2026-09-12T14:00:00Z,62,2,0,0,0,1,0,8,0.0,3.9,0.0,0.1,0.0,0.01,0.01,1.42,1,59
2026-27,4,42,Guessand,MID,CRY,8,12,1,2026-09-12T14:00:00Z,0,0,0,0,0,0,0,0,0.0,0.0,0.0,0.0,0.0,0.0,0.0,0.0,0,55
2026-27,4,43,Tielemans,MID,MUN,16,15,1,2026-09-13T15:30:00Z,66,2,0,0,0,1,0,15,12.2,13.8,4.0,3.0,0.0,0.04,0.04,0.53,1,59
2026-27,4,44,Bailey,MID,AVL,2,18,1,2026-09-12T14:00:00Z,0,0,0,0,0,0,0,0,0.0,0.0,0.0,0.0,0.0,0.0,0.0,0.0,0,54
2026-27,4,45,McGinn,MID,AVL,2,18,1,2026-09-12T14:00:00Z,90,6,0,1,0,2,1,30,26.4,31.4,0.0,5.8,0.0,0.11,0.11,2.28,1,54
2026-27,4,46,Barkley,MID,AVL,2,18,1,2026-09-12T14:00:00Z,62,2,0,0,0,1,0,14,6.0,2.7,7.0,1.6,0.03,0.01,0.04,1.42,1,50
2026-27,4,47,Kamara,MID,AVL,2,18,1,2026-09-12T14:00:00Z,90,2,0,0,0,2,0,17,11.6,12.4,2.0,2.6,0.0,0.05,0.05,2.28,1,50
2026-27,4,48,Onana,MID,AVL,2,18,1,2026-09-12T14:00:00Z,0,0,0,0,0,0,0,0,0.0,0.0,0.0,0.0,0.0,0.0,0.0,0.0,0,50
2026-27,4,49,Iling Jr,MID,AVL,2,18,1,2026-09-12T14:00:00Z,0,0,0,0,0,0,0,0,0.0,0.0,0.0,0.0,0.0,0.0,0.0,0.0,0,50
2026-27,4,50,Burrowes,MID,AVL,2,18,1,2026-09-12T14:00:00Z,0,0,0,0,0,0,0,0,0.0,0.0,0.0,0.0,0.0,0.0,0.0,0.0,0,45
2026-27,4,51,George Hemmings,MID,AVL,2,18,1,2026-09-12T14:00:00Z,45,1,0,0,0,0,0,3,2.0,11.5,2.0,1.6,0.0,0.01,0.01,0.39,1,45
2026-27,4,52,Alysson,MID,AVL,2,18,1,2026-09-12T14:00:00Z,45,6,1,0,0,2,0,24,34.4,2.3,23.0,6.0,0.06,0.0,0.06,1.89,0,50
2026-27,4,53,Manzambi,MID,AVL,2,18,1,2026-09-12T14:00:00Z,27,1,0,0,0,1,0,3,2.6,4.0,0.0,0.7,0.0,0.08,0.08,0.86,0,59
2026-27,4,54,Gomes,MID,AVL,2,18,1,2026-09-12T14:00:00Z,0,0,0,0,0,0,0,0,0.0,0.0,0.0,0.0,0.0,0.0,0.0,0.0,0,55
2026-27,4,55,Watkins,FWD,AVL,2,18,1,2026-09-12T14:00:00Z,0,0,0,0,0,0,0,0,0.0,0.0,0.0,0.0,0.0,0.0,0.0,0.0,0,78
2026-27,4,56,Abraham,FWD,AVL,2,18,1,2026-09-12T14:00:00Z,45,1,0,0,0,2,0,4,1.2,1.5,2.0,0.5,0.0,0.0,0.0,1.89,0,55
2026-27,4,57,Petrović,GK,BOU,3,4,1,2026-09-12T14:00:00Z,90,1,0,0,0,2,0,0,0.0,0.0,0.0,0.0,0.0,0.0,0.0,0.5,1,45
2026-27,4,58,Forster,GK,BOU,3,4,1,2026-09-12T14:00:00Z,0,0,0,0,0,0,0,0,0.0,0.0,0.0,0.0,0.0,0.0,0.0,0.0,0,40
2026-27,4,59,Dennis,GK,BOU,3,4,1,2026-09-12T14:00:00Z,0,0,0,0,0,0,0,0,0.0,0.0,0.0,0.0,0.0,0.0,0.0,0.0,0,40
2026-27,4,60,Hill,DEF,BOU,3,4,1,2026-09-12T14:00:00Z,90,2,0,0,0,2,0,5,22.0,11.4,0.0,3.3,0.0,0.01,0.01,0.5,1,55
2026-27,4,61,Truffert,DEF,BOU,3,4,1,2026-09-12T14:00:00Z,90,3,0,0,0,2,0,23,38.6,18.0,28.0,8.5,0.08,0.1,0.18,0.5,1,55
2026-27,4,62,Diakité,DEF,BOU,3,4,1,2026-09-12T14:00:00Z,0,0,0,0,0,0,0,0,0.0,0.0,0.0,0.0,0.0,0.0,0.0,0.0,0,50
2026-27,4,63,Milosavljević,DEF,BOU,3,4,1,2026-09-12T14:00:00Z,0,0,0,0,0,0,0,0,0.0,0.0,0.0,0.0,0.0,0.0,0.0,0.0,0,50
2026-27,4,64,Smith,DEF,BOU,3,4,1,2026-09-12T14:00:00Z,90,0,0,0,0,2,0,-1,11.4,2.0,0.0,1.3,0.0,0.01,0.01,0.5,1,45
2026-27,4,65,J.Araujo,DEF,BOU,3,4,1,2026-09-12T14:00:00Z,0,0,0,0,0,0,0,0,0.0,0.0,0.0,0.0,0.0,0.0,0.0,0.0,0,44
2026-27,4,66,Soler,DEF,BOU,3,4,1,2026-09-12T14:00:00Z,0,0,0,0,0,0,0,0,0.0,0.0,0.0,0.0,0.0,0.0,0.0,0.0,0,40
2026-27,4,67,Rayan,MID,BOU,3,4,1,2026-09-12T14:00:00Z,81,2,0,0,0,2,0,7,5.6,17.8,20.0,4.3,0.39,0.02,0.41,0.39,1,64
2026-27,4,68,Tavernier,MID,BOU,3,4,1,2026-09-12T14:00:00Z,82,8,1,0,0,2,2,44,49.4,58.3,37.0,14.5,0.2,0.47,0.67,0.39,1,60
2026-27,4,69,Scott,MID,BOU,3,4,1,2026-09-12T14:00:00Z,90,4,0,0,0,2,0,19,22.2,46.1,10.0,7.8,0.19,0.05,0.24,0.5,1,61
2026-27,4,70,Kluivert,MID,BOU,3,4,1,2026-09-12T14:00:00Z,65,8,1,0,0,2,1,31,40.0,3.3,43.0,8.6,0.21,0.02,0.23,0.39,1,60
2026-27,4,71,Cook,MID,BOU,3,4,1,2026-09-12T14:00:00Z,8,0,0,0,0,0,0,-1,0.6,0.3,0.0,0.1,0.0,0.0,0.0,0.11,0,50
2026-27,4,72,Gannon-Doak,MID,BOU,3,4,1,2026-09-12T14:00:00Z,8,1,0,0,0,0,0,6,1.6,1.5,7.0,1.0,0.1,0.03,0.13,0.11,0,49
2026-27,4,73,Adams,MID,BOU,3,4,1,2026-09-12T14:00:00Z,81,2,0,0,0,2,0,16,13.0,5.9,7.0,2.6,0.03,0.02,0.05,0.39,1,50
2026-27,4,74,Brooks,MID,BOU,3,4,1,2026-09-12T14:00:00Z,7,0,0,0,0,0,0,-1,4.2,0.3,2.0,0.7,0.0,0.0,0.0,0.11,0,50
2026-27,4,75,Christie,MID,BOU,3,4,1,2026-09-12T14:00:00Z,24,1,0,0,0,0,0,7,6.6,14.4,4.0,2.5,0.0,0.12,0.12,0.11,0,50
2026-27,4,76,Tóth.A,MID,BOU,3,4,1,2026-09-12T14:00:00Z,0,0,0,0,0,0,0,0,0.0,0.0,0.0,0.0,0.0,0.0,0.0,0.0,0,50
2026-27,4,77,Adli,MID,BOU,3,4,1,2026-09-12T14:00:00Z,0,0,0,0,0,0,0,0,0.0,0.0,0.0,0.0,0.0,0.0,0.0,0.0,0,49
2026-27,4,78,Kroupi.Jr,MID,BOU,3,4,1,2026-09-12T14:00:00Z,0,0,0,0,0,0,0,0,0.0,0.0,0.0,0.0,0.0,0.0,0.0,0.0,0,74
2026-27,4,79,Evanilson,FWD,BOU,3,4,1,2026-09-12T14:00:00Z,90,5,0,1,0,2,0,22,22.8,40.0,4.0,6.7,0.0,0.25,0.25,0.48,1,60
2026-27,4,80,Enes Ünal,FWD,BOU,3,4,1,2026-09-12T14:00:00Z,0,0,0,0,0,0,0,0,0.0,0.0,0.0,0.0,0.0,0.0,0.0,0.0,0,55
2026-27,4,81,Rodríguez,FWD,BOU,3,4,1,2026-09-12T14:00:00Z,1,1,0,0,0,0,0,3,0.0,0.5,0.0,0.1,0.0,0.0,0.0,0.02,0,60
2026-27,4,82,Kelleher,GK,BRE,4,3,0,2026-09-12T14:00:00Z,90,3,0,0,0,2,0,19,44.0,0.0,0.0,4.4,0.0,0.0,0.0,1.75,1,50
2026-27,4,83,Valdimarsson,GK,BRE,4,3,0,2026-09-12T14:00:00Z,0,0,0,0,0,0,0,0,0.0,0.0,0.0,0.0,0.0,0.0,0.0,0.0,0,45
2026-27,4,84,Collins,DEF,BRE,4,3,0,2026-09-12T14:00:00Z,0,0,0,0,0,0,0,0,0.0,0.0,0.0,0.0,0.0,0.0,0.0,0.0,0,55
2026-27,4,85,Van den Berg,DEF,BRE,4,3,0,2026-09-12T14:00:00Z,0,0,0,0,0,0,0,0,0.0,0.0,0.0,0.0,0.0,0.0,0.0,0.0,0,49
2026-27,4,86,Lewis-Potter,MID,BRE,4,3,0,2026-09-12T14:00:00Z,59,1,0,0,0,2,0,0,0.8,1.6,6.0,0.8,0.03,0.13,0.16,1.25,1,55
2026-27,4,87,Ajer,DEF,BRE,4,3,0,2026-09-12T14:00:00Z,90,1,0,0,0,2,0,0,15.2,0.5,8.0,2.4,0.02,0.0,0.02,1.75,1,45
2026-27,4,88,Kayode,DEF,BRE,4,3,0,2026-09-12T14:00:00Z,19,1,0,0,0,0,0,5,5.4,14.1,0.0,2.0,0.0,0.15,0.15,0.41,0,46
2026-27,4,89,Henry,DEF,BRE,4,3,0,2026-09-12T14:00:00Z,0,0,0,0,0,0,0,0,0.0,0.0,0.0,0.0,0.0,0.0,0.0,0.0,0,45
2026-27,4,90,Hickey,DEF,BRE,4,3,0,2026-09-12T14:00:00Z,70,1,0,0,0,2,0,4,10.0,2.1,6.0,1.8,0.03,0.03,0.06,1.33,1,45
2026-27,4,91,Pinnock,DEF,COV,7,5,1,2026-09-13T13:00:00Z,90,2,0,0,0,5,0,-11,18.0,0.7,4.0,2.3,0.01,0.0,0.01,2.81,1,45
2026-27,4,92,Ji-soo,DEF,BRE,4,3,0,2026-09-12T14:00:00Z,0,0,0,0,0,0,0,0,0.0,0.0,0.0,0.0,0.0,0.0,0.0,0.0,0,45
2026-27,4,93,Schuster,DEF,BRE,4,3,0,2026-09-12T14:00:00Z,90,3,0,0,0,2,0,5,22.2,0.5,8.0,3.1,0.0,0.01,0.01,1.75,1,45
2026-27,4,94,Schade,MID,BRE,4,3,0,2026-09-12T14:00:00Z,90,15,2,0,0,2,3,49,70.8,8.3,28.0,10.7,0.21,0.1,0.31,1.75,1,60
2026-27,4,95,O.Dango,MID,BRE,4,3,0,2026-09-12T14:00:00Z,30,1,0,0,0,0,0,4,2.0,1.7,6.0,1.0,0.02,0.01,0.03,0.5,0,64
2026-27,4,96,Damsgaard,MID,BRE,4,3,0,2026-09-12T14:00:00Z,30,1,0,0,0,0,0,3,0.0,7.8,6.0,1.3,0.1,0.0,0.1,0.5,0,55
2026-27,4,97,Jensen,MID,BRE,4,3,0,2026-09-12T14:00:00Z,0,0,0,0,0,0,0,0,0.0,0.0,0.0,0.0,0.0,0.0,0.0,0.0,0,54
2026-27,4,98,Janelt,MID,BRE,4,3,0,2026-09-12T14:00:00Z,90,4,0,0,0,2,0,20,28.4,14.4,0.0,4.3,0.0,0.08,0.08,1.75,1,50
2026-27,4,99,Milambo,MID,BRE,4,3,0,2026-09-12T14:00:00Z,0,0,0,0,0,0,0,0,0.0,0.0,0.0,0.0,0.0,0.0,0.0,0.0,0,50
2026-27,4,100,Carvalho,MID,BRE,4,3,0,2026-09-12T14:00:00Z,0,0,0,0,0,0,0,0,0.0,0.0,0.0,0.0,0.0,0.0,0.0,0.0,0,50
2026-27,4,101,Henderson,MID,CHE,6,11,1,2026-09-12T14:00:00Z,0,0,0,0,0,0,0,0,0.0,0.0,0.0,0.0,0.0,0.0,0.0,0.0,0,49
2026-27,4,102,Yarmoliuk,MID,BRE,4,3,0,2026-09-12T14:00:00Z,59,4,0,1,0,2,0,19,22.0,22.8,4.0,4.9,0.0,0.21,0.21,1.25,1,49
2026-27,4,103,Dasilva,MID,BRE,4,3,0,2026-09-12T14:00:00Z,0,0,0,0,0,0,0,0,0.0,0.0,0.0,0.0,0.0,0.0,0.0,0.0,0,49
2026-27,4,104,Onyeka,MID,COV,7,5,1,2026-09-13T13:00:00Z,72,2,0,0,0,3,0,11,6.2,0.9,21.0,2.8,0.03,0.01,0.04,2.16,1,49
2026-27,4,105,Anthony,MID,BRE,4,3,0,2026-09-12T14:00:00Z,59,1,0,0,0,2,0,12,14.6,15.3,2.0,3.2,0.0,0.1,0.1,1.25,1,60
2026-27,4,106,Thiago,FWD,BRE,4,3,0,2026-09-12T14:00:00Z,90,1,0,0,0,2,0,3,0.0,16.0,10.0,2.4,0.11,0.03,0.14,1.75,1,79
2026-27,4,107,Furo,FWD,BRE,4,3,0,2026-09-12T14:00:00Z,0,0,0,0,0,0,0,0,0.0,0.0,0.0,0.0,0.0,0.0,0.0,0.0,0,45
2026-27,4,108,Wilson,FWD,BRE,4,3,0,2026-09-12T14:00:00Z,0,0,0,0,0,0,0,0,0.0,0.0,0.0,0.0,0.0,0.0,0.0,0.0,0,55
2026-27,4,109,Verbruggen,GK,BHA,5,7,0,2026-09-13T13:00:00Z,90,8,0,0,1,0,0,39,47.8,0.0,0.0,4.8,0.0,0.0,0.0,1.33,1,45
2026-27,4,110,Rushworth,GK,COV,7,5,1,2026-09-13T13:00:00Z,90,0,0,0,0,5,0,-5,18.0,0.0,0.0,1.8,0.0,0.01,0.01,2.81,1,45
2026-27,4,111,Steele,GK,BHA,5,7,0,2026-09-13T13:00:00Z,0,0,0,0,0,0,0,0,0.0,0.0,0.0,0.0,0.0,0.0,0.0,0.0,0,40
2026-27,4,112,Van Hecke,DEF,TOT,19,9,1,2026-09-12T16:30:00Z,90,8,0,0,1,0,0,27,38.4,15.2,7.0,6.1,0.14,0.05,0.19,1.11,1,49
2026-27,4,113,F.Kadıoğlu,DEF,BHA,5,7,0,2026-09-13T13:00:00Z,90,6,0,0,1,0,0,24,6.4,15.4,0.0,2.2,0.0,0.09,0.09,1.33,1,44
2026-27,4,114,Boscagli,DEF,BHA,5,7,0,2026-09-13T13:00:00Z,77,6,0,0,1,0,0,25,11.6,14.3,2.0,2.8,0.01,0.03,0.04,1.11,1,45
2026-27,4,115,De Cuyper,DEF,BHA,5,7,0,2026-09-13T13:00:00Z,90,11,0,1,1,0,2,41,24.8,46.9,3.0,7.5,0.03,0.04,0.07,1.33,1,48
2026-27,4,116,Dunk,DEF,BHA,5,7,0,2026-09-13T13:00:00Z,90,12,1,0,1,0,0,39,57.2,4.3,7.0,6.9,0.03,0.03,0.06,1.33,1,45
2026-27,4,117,Coppola,DEF,BHA,5,7,0,2026-09-13T13:00:00Z,0,0,0,0,0,0,0,0,0.0,0.0,0.0,0.0,0.0,0.0,0.0,0.0,0,45
2026-27,4,118,Igor,DEF,BHA,5,7,0,2026-09-13T13:00:00Z,0,0,0,0,0,0,0,0,0.0,0.0,0.0,0.0,0.0,0.0,0.0,0.0,0,45
2026-27,4,119,Costinha,DEF,BHA,5,7,0,2026-09-13T13:00:00Z,6,1,0,0,0,0,0,3,1.2,0.3,0.0,0.2,0.0,0.0,0.0,0.04,0,45
2026-27,4,120,Svoboda,DEF,BHA,5,7,0,2026-09-13T13:00:00Z,0,0,0,0,0,0,0,0,0.0,0.0,0.0,0.0,0.0,0.0,0.0,0.0,0,50
2026-27,4,121,Mitoma,MID,BHA,5,7,0,2026-09-13T13:00:00Z,0,0,0,0,0,0,0,0,0.0,0.0,0.0,0.0,0.0,0.0,0.0,0.0,0,59
2026-27,4,122,Minteh,MID,BHA,5,7,0,2026-09-13T13:00:00Z,0,0,0,0,0,0,0,0,0.0,0.0,0.0,0.0,0.0,0.0,0.0,0.0,0,59
2026-27,4,123,Hinshelwood,MID,BHA,5,7,0,2026-09-13T13:00:00Z,0,0,0,0,0,0,0,0,0.0,0.0,0.0,0.0,0.0,0.0,0.0,0.0,0,60
2026-27,4,124,Groß,MID,BHA,5,7,0,2026-09-13T13:00:00Z,90,17,1,2,1,0,3,56,83.8,79.1,18.0,18.1,0.82,0.19,1.01,1.33,1,56
2026-27,4,125,Georginio,FWD,BHA,5,7,0,2026-09-13T13:00:00Z,0,0,0,0,0,0,0,0,0.0,0.0,0.0,0.0,0.0,0.0,0.0,0.0,0,54
2026-27,4,126,O'Riley,MID,BHA,5,7,0,2026-09-13T13:00:00Z,6,1,0,0,0,0,0,4,2.2,10.5,0.0,1.3,0.0,0.01,0.01,0.04,0,55
2026-27,4,127,Gomez,MID,BHA,5,7,0,2026-09-13T13:00:00Z,83,3,0,0,1,0,0,6,2.4,9.0,9.0,2.0,0.14,0.06,0.2,1.3,1,50
2026-27,4,128,Buonanotte,MID,BHA,5,7,0,2026-09-13T13:00:00Z,0,0,0,0,0,0,0,0,0.0,0.0,0.0,0.0,0.0,0.0,0.0,0.0,0,50
2026-27,4,129,Ayari,MID,BHA,5,7,0,2026-09-13T13:00:00Z,90,8,1,0,1,0,0,38,39.0,6.8,27.0,7.3,0.31,0.03,0.34,1.33,1,54
2026-27,4,130,Wieffer,DEF,BHA,5,7,0,2026-09-13T13:00:00Z,0,0,0,0,0,0,0,0,0.0,0.0,0.0,0.0,0.0,0.0,0.0,0.0,0,50
2026-27,4,131,Baleba,MID,MUN,16,15,1,2026-09-13T15:30:00Z,0,0,0,0,0,0,0,0,0.0,0.0,0.0,0.0,0.0,0.0,0.0,0.0,0,50
2026-27,4,132,Howell,MID,BHA,5,7,0,2026-09-13T13:00:00Z,0,0,0,0,0,0,0,0,0.0,0.0,0.0,0.0,0.0,0.0,0.0,0.0,0,45
2026-27,4,133,Watson,MID,BHA,5,7,0,2026-09-13T13:00:00Z,0,0,0,0,0,0,0,0,0.0,0.0,0.0,0.0,0.0,0.0,0.0,0.0,0,50
2026-27,4,134,Oriola,MID,BHA,5,7,0,2026-09-13T13:00:00Z,0,0,0,0,0,0,0,0,0.0,0.0,0.0,0.0,0.0,0.0,0.0,0.0,0,45
2026-27,4,135,Yohanna,MID,BHA,5,7,0,2026-09-13T13:00:00Z,0,0,0,0,0,0,0,0,0.0,0.0,0.0,0.0,0.0,0.0,0.0,0.0,0,49
2026-27,4,136,Welbeck,FWD,CHE,6,11,1,2026-09-12T14:00:00Z,12,1,0,0,0,0,0,4,7.2,10.6,4.0,2.2,0.0,0.06,0.06,0.54,0,59
2026-27,4,137,Tzimas,FWD,BHA,5,7,0,2026-09-13T13:00:00Z,0,0,0,0,0,0,0,0,0.0,0.0,0.0,0.0,0.0,0.0,0.0,0.0,0,55
2026-27,4,138,Kostoulas,FWD,BHA,5,7,0,2026-09-13T13:00:00Z,83,10,1,1,1,0,1,40,33.0,7.0,38.0,7.8,0.39,0.01,0.4,1.3,1,55
2026-27,4,139,Ferguson,FWD,BHA,5,7,0,2026-09-13T13:00:00Z,0,0,0,0,0,0,0,0,0.0,0.0,0.0,0.0,0.0,0.0,0.0,0.0,0,50
2026-27,4,140,Sánchez,GK,CHE,6,11,1,2026-09-12T14:00:00Z,0,0,0,0,0,0,0,0,0.0,0.0,0.0,0.0,0.0,0.0,0.0,0.0,0,49
2026-27,4,141,Jörgensen,GK,CHE,6,11,1,2026-09-12T14:00:00Z,0,0,0,0,0,0,0,0,0.0,0.0,0.0,0.0,0.0,0.0,0.0,0.0,0,50
2026-27,4,142,James,DEF,CHE,6,11,1,2026-09-12T14:00:00Z,90,1,0,0,0,2,0,11,19.8,10.4,15.0,4.5,0.16,0.14,0.3,1.38,1,54
2026-27,4,143,Chalobah,DEF,CHE,6,11,1,2026-09-12T14:00:00Z,0,0,0,0,0,0,0,0,0.0,0.0,0.0,0.0,0.0,0.0,0.0,0.0,0,55
2026-27,4,144,Gusto,DEF,CHE,6,11,1,2026-09-12T14:00:00Z,77,1,0,0,0,2,0,7,14.0,23.3,6.0,4.3,0.04,0.07,0.11,0.84,1,50
2026-27,4,145,Fofana,DEF,CHE,6,11,1,2026-09-12T14:00:00Z,85,1,0,0,0,2,0,10,18.4,4.7,4.0,2.7,0.0,0.03,0.03,0.89,1,50
2026-27,4,146,B.Badiashile,DEF,CHE,6,11,1,2026-09-12T14:00:00Z,0,0,0,0,0,0,0,0,0.0,0.0,0.0,0.0,0.0,0.0,0.0,0.0,0,45
2026-27,4,147,Tosin,DEF,TOT,19,9,1,2026-09-12T16:30:00Z,5,1,0,0,0,0,0,5,9.0,0.2,0.0,0.9,0.0,0.0,0.0,0.03,0,44
2026-27,4,148,Hato,DEF,CHE,6,11,1,2026-09-12T14:00:00Z,45,0,0,0,0,2,0,-8,3.8,2.9,2.0,0.9,0.0,0.1,0.1,0.44,1,45
2026-27,4,149,Colwill,DEF,CHE,6,11,1,2026-09-12T14:00:00Z,90,1,0,0,0,2,0,8,26.8,12.2,4.0,4.3,0.0,0.01,0.01,1.38,1,49
2026-27,4,150,M.Sarr,DEF,CHE,6,11,1,2026-09-12T14:00:00Z,0,0,0,0,0,0,0,0,0.0,0.0,0.0,0.0,0.0,0.0,0.0,0.0,0,45
2026-27,4,151,Acheampong,DEF,CHE,6,11,1,2026-09-12T14:00:00Z,0,0,0,0,0,0,0,0,0.0,0.0,0.0,0.0,0.0,0.0,0.0,0.0,0,45
2026-27,4,152,Palestra,DEF,CHE,6,11,1,2026-09-12T14:00:00Z,0,0,0,0,0,0,0,0,0.0,0.0,0.0,0.0,0.0,0.0,0.0,0.0,0,54
2026-27,4,153,Disasi,DEF,CRY,8,12,1,2026-09-12T14:00:00Z,33,-3,0,0,0,3,0,-18,2.2,0.1,0.0,0.2,0.0,0.0,0.0,0.38,1,45
2026-27,4,154,Palmer,MID,CHE,6,11,1,2026-09-12T14:00:00Z,90,5,0,1,0,2,0,28,18.6,37.6,12.0,6.8,0.13,0.25,0.38,1.38,1,97
2026-27,4,155,Enzo,MID,MCI,15,16,0,2026-09-13T15:30:00Z,81,2,0,0,1,0,0,17,10.4,20.7,15.0,4.6,0.18,0.13,0.31,0.5,1,69
2026-27,4,156,Neto,MID,CHE,6,11,1,2026-09-12T14:00:00Z,85,2,0,0,0,2,0,17,15.8,31.3,27.0,7.4,0.05,0.1,0.15,0.89,1,65
2026-27,4,157,Estêvão,MID,CHE,6,11,1,2026-09-12T14:00:00Z,4,1,0,0,0,0,0,6,5.0,0.5,21.0,2.7,0.03,0.07,0.1,0.49,0,64
2026-27,4,158,Gittens,MID,CHE,6,11,1,2026-09-12T14:00:00Z,0,0,0,0,0,0,0,0,0.0,0.0,0.0,0.0,0.0,0.0,0.0,0.0,0,59
2026-27,4,159,Caicedo,MID,CHE,6,11,1,2026-09-12T14:00:00Z,0,0,0,0,0,0,0,0,0.0,0.0,0.0,0.0,0.0,0.0,0.0,0.0,0,54
2026-27,4,160,Garnacho,MID,AVL,2,18,1,2026-09-12T14:00:00Z,0,0,0,0,0,0,0,0,0.0,0.0,0.0,0.0,0.0,0.0,0.0,0.0,0,59
2026-27,4,161,Lavia,MID,CHE,6,11,1,2026-09-12T14:00:00Z,68,2,0,0,0,2,0,14,7.4,4.9,0.0,1.2,0.0,0.07,0.07,0.84,1,50
2026-27,4,162,Andrey Santos,MID,MUN,16,15,1,2026-09-13T15:30:00Z,0,0,0,0,0,0,0,0,0.0,0.0,0.0,0.0,0.0,0.0,0.0,0.0,0,49
2026-27,4,163,D.Essugo,MID,CHE,6,11,1,2026-09-12T14:00:00Z,0,0,0,0,0,0,0,0,0.0,0.0,0.0,0.0,0.0,0.0,0.0,0.0,0,45
2026-27,4,164,Quenda,MID,CHE,6,11,1,2026-09-12T14:00:00Z,0,0,0,0,0,0,0,0,0.0,0.0,0.0,0.0,0.0,0.0,0.0,0.0,0,54
2026-27,4,165,João Pedro,FWD,CHE,6,11,1,2026-09-12T14:00:00Z,90,12,1,1,0,2,3,44,54.4,15.7,31.0,10.1,0.29,0.04,0.33,1.38,1,77
2026-27,4,166,N.Jackson,FWD,AVL,2,18,1,2026-09-12T14:00:00Z,45,0,0,0,0,0,0,0,0.0,2.0,2.0,0.2,0.0,0.04,0.04,0.39,1,65
2026-27,4,167,Delap,FWD,NFO,18,2,0,2026-09-12T14:00:00Z,90,5,1,0,0,1,0,25,28.6,12.6,38.0,7.9,0.63,0.08,0.71,0.73,1,55
2026-27,4,168,Marc Guiu,FWD,CHE,6,11,1,2026-09-12T14:00:00Z,0,0,0,0,0,0,0,0,0.0,0.0,0.0,0.0,0.0,0.0,0.0,0.0,0,50
2026-27,4,169,Mheuka,FWD,CHE,6,11,1,2026-09-12T14:00:00Z,0,0,0,0,0,0,0,0,0.0,0.0,0.0,0.0,0.0,0.0,0.0,0.0,0,45
2026-27,4,170,Emegha,FWD,CHE,6,11,1,2026-09-12T14:00:00Z,0,0,0,0,0,0,0,0,0.0,0.0,0.0,0.0,0.0,0.0,0.0,0.0,0,50
2026-27,4,171,Dovin,GK,COV,7,5,1,2026-09-13T13:00:00Z,0,0,0,0,0,0,0,0,0.0,0.0,0.0,0.0,0.0,0.0,0.0,0.0,0,40
2026-27,4,172,Wilson,GK,COV,7,5,1,2026-09-13T13:00:00Z,0,0,0,0,0,0,0,0,0.0,0.0,0.0,0.0,0.0,0.0,0.0,0.0,0,45
2026-27,4,173,Thomas,DEF,COV,7,5,1,2026-09-13T13:00:00Z,90,0,0,0,0,5,0,-17,6.8,0.4,23.0,3.0,0.19,0.07,0.26,2.81,1,40
2026-27,4,174,Kitching,DEF,COV,7,5,1,2026-09-13T13:00:00Z,0,0,0,0,0,0,0,0,0.0,0.0,0.0,0.0,0.0,0.0,0.0,0.0,0,40
2026-27,4,175,van Ewijk,DEF,COV,7,5,1,2026-09-13T13:00:00Z,90,0,0,0,0,5,0,-5,18.8,11.6,4.0,3.4,0.0,0.04,0.04,2.81,1,40
2026-27,4,176,Dasilva,DEF,COV,7,5,1,2026-09-13T13:00:00Z,90,0,0,0,0,5,0,-7,12.8,26.0,0.0,3.9,0.0,0.33,0.33,2.81,1,40
2026-27,4,177,Kesler-Hayden,DEF,COV,7,5,1,2026-09-13T13:00:00Z,0,0,0,0,0,0,0,0,0.0,0.0,0.0,0.0,0.0,0.0,0.0,0.0,0,40
2026-27,4,178,Bidwell,DEF,COV,7,5,1,2026-09-13T13:00:00Z,0,0,0,0,0,0,0,0,0.0,0.0,0.0,0.0,0.0,0.0,0.0,0.0,0,40
2026-27,4,179,Latibeaudiere,DEF,COV,7,5,1,2026-09-13T13:00:00Z,0,0,0,0,0,0,0,0,0.0,0.0,0.0,0.0,0.0,0.0,0.0,0.0,0,40
2026-27,4,180,Woolfenden,DEF,COV,7,5,1,2026-09-13T13:00:00Z,0,0,0,0,0,0,0,0,0.0,0.0,0.0,0.0,0.0,0.0,0.0,0.0,0,40
2026-27,4,181,Brau,DEF,COV,7,5,1,2026-09-13T13:00:00Z,0,0,0,0,0,0,0,0,0.0,0.0,0.0,0.0,0.0,0.0,0.0,0.0,0,40
2026-27,4,182,Amenda,DEF,COV,7,5,1,2026-09-13T13:00:00Z,90,0,0,0,0,5,0,-12,18.2,10.3,4.0,3.3,0.0,0.0,0.0,2.81,1,40
2026-27,4,183,Rudoni,MID,COV,7,5,1,2026-09-13T13:00:00Z,72,2,0,0,0,3,0,11,10.8,55.5,25.0,9.1,0.33,0.73,1.06,2.16,1,50
2026-27,4,184,Grimes,MID,COV,7,5,1,2026-09-13T13:00:00Z,83,2,0,0,0,4,0,9,5.6,5.8,2.0,1.3,0.05,0.02,0.07,2.6,1,50
2026-27,4,185,Sakamoto,MID,COV,7,5,1,2026-09-13T13:00:00Z,0,0,0,0,0,0,0,0,0.0,0.0,0.0,0.0,0.0,0.0,0.0,0.0,0,49
2026-27,4,186,Mason-Clark,MID,COV,7,5,1,2026-09-13T13:00:00Z,59,1,0,0,0,2,0,5,6.0,1.0,44.0,5.1,0.49,0.01,0.5,1.37,1,54
2026-27,4,187,Eccles,MID,COV,7,5,1,2026-09-13T13:00:00Z,0,0,0,0,0,0,0,0,0.0,0.0,0.0,0.0,0.0,0.0,0.0,0.0,0,49
2026-27,4,188,Torp,MID,COV,7,5,1,2026-09-13T13:00:00Z,6,1,0,0,0,1,0,3,0.4,0.4,0.0,0.1,0.0,0.0,0.0,0.21,0,54
2026-27,4,189,Shepherd,MID,COV,7,5,1,2026-09-13T13:00:00Z,0,0,0,0,0,0,0,0,0.0,0.0,0.0,0.0,0.0,0.0,0.0,0.0,0,45
2026-27,4,190,Tchaouna,MID,COV,7,5,1,2026-09-13T13:00:00Z,0,0,0,0,0,0,0,0,0.0,0.0,0.0,0.0,0.0,0.0,0.0,0.0,0,54
2026-27,4,191,Borges Rodrigues,MID,COV,7,5,1,2026-09-13T13:00:00Z,0,0,0,0,0,0,0,0,0.0,0.0,0.0,0.0,0.0,0.0,0.0,0.0,0,45
2026-27,4,192,Andrews,MID,COV,7,5,1,2026-09-13T13:00:00Z,0,0,0,0,0,0,0,0,0.0,0.0,0.0,0.0,0.0,0.0,0.0,0.0,0,45
2026-27,4,193,Wright,FWD,COV,7,5,1,2026-09-13T13:00:00Z,0,0,0,0,0,0,0,0,0.0,0.0,0.0,0.0,0.0,0.0,0.0,0.0,0,54
2026-27,4,194,Thomas-Asante,FWD,COV,7,5,1,2026-09-13T13:00:00Z,17,1,0,0,0,2,0,7,6.0,0.5,26.0,3.3,0.21,0.03,0.24,0.64,0,50
2026-27,4,195,Simms,FWD,COV,7,5,1,2026-09-13T13:00:00Z,0,0,0,0,0,0,0,0,0.0,0.0,0.0,0.0,0.0,0.0,0.0,0.0,0,50
2026-27,4,196,Markelo,FWD,COV,7,5,1,2026-09-13T13:00:00Z,0,0,0,0,0,0,0,0,0.0,0.0,0.0,0.0,0.0,0.0,0.0,0.0,0,50
2026-27,4,197,Bassette,FWD,COV,7,5,1,2026-09-13T13:00:00Z,0,0,0,0,0,0,0,0,0.0,0.0,0.0,0.0,0.0,0.0,0.0,0.0,0,45
2026-27,4,198,Henderson,GK,CRY,8,12,1,2026-09-12T14:00:00Z,0,0,0,0,0,0,0,0,0.0,0.0,0.0,0.0,0.0,0.0,0.0,0.0,0,50
2026-27,4,199,Benitez,GK,CRY,8,12,1,2026-09-12T14:00:00Z,90,2,0,0,0,3,0,3,18.8,0.0,0.0,1.9,0.0,0.0,0.0,1.68,1,45
2026-27,4,200,Lacroix,DEF,CHE,6,11,1,2026-09-12T14:00:00Z,4,1,0,0,0,0,0,4,3.6,0.0,0.0,0.4,0.0,0.0,0.0,0.49,0,60
2026-27,4,201,Muñoz,DEF,NFO,18,2,0,2026-09-12T14:00:00Z,90,2,0,0,0,1,0,23,31.6,55.9,39.0,12.7,0.22,0.18,0.4,0.82,1,54
2026-27,4,202,Richards,DEF,CRY,8,12,1,2026-09-12T14:00:00Z,90,2,0,0,0,3,0,2,22.4,5.9,0.0,2.8,0.0,0.06,0.06,1.68,1,50
2026-27,4,203,Canvot,DEF,CRY,8,12,1,2026-09-12T14:00:00Z,0,0,0,0,0,0,0,0,0.0,0.0,0.0,0.0,0.0,0.0,0.0,0.0,0,49
2026-27,4,204,Mitchell,DEF,CRY,8,12,1,2026-09-12T14:00:00Z,76,1,0,0,0,2,0,6,7.8,18.1,0.0,2.6,0.0,0.06,0.06,1.13,1,45
2026-27,4,205,Sosa,DEF,CRY,8,12,1,2026-09-12T14:00:00Z,0,0,0,0,0,0,0,0,0.0,0.0,0.0,0.0,0.0,0.0,0.0,0.0,0,45
2026-27,4,206,Chadi Riad,DEF,CRY,8,12,1,2026-09-12T14:00:00Z,0,0,0,0,0,0,0,0,0.0,0.0,0.0,0.0,0.0,0.0,0.0,0.0,0,44
2026-27,4,207,Mingueza,DEF,CRY,8,12,1,2026-09-12T14:00:00Z,0,0,0,0,0,0,0,0,0.0,0.0,0.0,0.0,0.0,0.0,0.0,0.0,0,44
2026-27,4,208,Sarr,MID,CRY,8,12,1,2026-09-12T14:00:00Z,0,0,0,0,0,0,0,0,0.0,0.0,0.0,0.0,0.0,0.0,0.0,0.0,0,63
2026-27,4,209,Johnson,MID,EVE,9,19,0,2026-09-12T16:30:00Z,74,3,0,0,1,0,0,13,11.2,29.0,6.0,4.6,0.16,0.18,0.34,0.43,1,59
2026-27,4,210,Wharton,MID,CRY,8,12,1,2026-09-12T14:00:00Z,76,2,0,0,0,2,0,13,5.2,11.8,3.0,2.0,0.08,0.04,0.12,1.13,1,55
2026-27,4,211,Yeremy,MID,CRY,8,12,1,2026-09-12T14:00:00Z,36,1,0,0,0,1,0,4,0.0,2.7,2.0,0.5,0.0,0.01,0.01,0.38,1,55
2026-27,4,212,Hughes,MID,CRY,8,12,1,2026-09-12T14:00:00Z,13,1,0,0,0,1,0,6,5.6,15.0,0.0,2.1,0.0,0.04,0.04,0.55,0,45
2026-27,4,213,Lerma,MID,CRY,8,12,1,2026-09-12T14:00:00Z,6,1,0,0,0,1,0,3,2.2,0.3,0.0,0.3,0.0,0.0,0.0,0.48,0,49
2026-27,4,214,Kamada,MID,CRY,8,12,1,2026-09-12T14:00:00Z,83,8,0,2,0,2,0,30,36.2,21.9,2.0,6.0,0.0,0.05,0.05,1.2,1,50
2026-27,4,215,Devenny,MID,CRY,8,12,1,2026-09-12T14:00:00Z,0,0,0,0,0,0,0,0,0.0,0.0,0.0,0.0,0.0,0.0,0.0,0.0,0,50
2026-27,4,216,Esse,MID,CRY,8,12,1,2026-09-12T14:00:00Z,0,0,0,0,0,0,0,0,0.0,0.0,0.0,0.0,0.0,0.0,0.0,0.0,0,50
2026-27,4,217,M.França,MID,CRY,8,12,1,2026-09-12T14:00:00Z,0,0,0,0,0,0,0,0,0.0,0.0,0.0,0.0,0.0,0.0,0.0,0.0,0,49
2026-27,4,218,Doucouré,MID,CRY,8,12,1,2026-09-12T14:00:00Z,0,0,0,0,0,0,0,0,0.0,0.0,0.0,0.0,0.0,0.0,0.0,0.0,0,49
2026-27,4,219,J.Rak-Sakyi,MID,CRY,8,12,1,2026-09-12T14:00:00Z,0,0,0,0,0,0,0,0,0.0,0.0,0.0,0.0,0.0,0.0,0.0,0.0,0,49
2026-27,4,220,Cardines,DEF,CRY,8,12,1,2026-09-12T14:00:00Z,0,0,0,0,0,0,0,0,0.0,0.0,0.0,0.0,0.0,0.0,0.0,0.0,0,45
2026-27,4,221,Drakes-Thomas,MID,CRY,8,12,1,2026-09-12T14:00:00Z,0,0,0,0,0,0,0,0,0.0,0.0,0.0,0.0,0.0,0.0,0.0,0.0,0,45
2026-27,4,222,Strand Larsen,FWD,CRY,8,12,1,2026-09-12T14:00:00Z,83,8,1,0,0,2,2,39,40.8,12.8,31.0,8.5,0.09,0.02,0.11,1.2,1,60
2026-27,4,223,Mateta,FWD,CRY,8,12,1,2026-09-12T14:00:00Z,0,0,0,0,0,0,0,0,0.0,0.0,0.0,0.0,0.0,0.0,0.0,0.0,0,64
2026-27,4,224,Nketiah,FWD,CRY,8,12,1,2026-09-12T14:00:00Z,0,0,0,0,0,0,0,0,0.0,0.0,0.0,0.0,0.0,0.0,0.0,0.0,0,55
2026-27,4,225,Uche,FWD,CRY,8,12,1,2026-09-12T14:00:00Z,0,0,0,0,0,0,0,0,0.0,0.0,0.0,0.0,0.0,0.0,0.0,0.0,0,50
2026-27,4,226,Pickford,GK,EVE,9,19,0,2026-09-12T16:30:00Z,90,6,0,0,1,0,0,25,11.6,0.0,0.0,1.2,0.0,0.0,0.0,0.69,1,55
2026-27,4,227,Travers,GK,EVE,9,19,0,2026-09-12T16:30:00Z,0,0,0,0,0,0,0,0,0.0,0.0,0.0,0.0,0.0,0.0,0.0,0.0,0,50
2026-27,4,228,King,GK,EVE,9,19,0,2026-09-12T16:30:00Z,0,0,0,0,0,0,0,0,0.0,0.0,0.0,0.0,0.0,0.0,0.0,0.0,0,45
2026-27,4,229,Tarkowski,DEF,EVE,9,19,0,2026-09-12T16:30:00Z,90,8,0,0,1,0,2,32,19.2,1.8,0.0,2.1,0.0,0.01,0.01,0.69,1,60
2026-27,4,230,Branthwaite,DEF,EVE,9,19,0,2026-09-12T16:30:00Z,90,6,0,0,1,0,0,27,30.0,3.4,0.0,3.3,0.0,0.0,0.0,0.69,1,55
2026-27,4,231,Keane,DEF,EVE,9,19,0,2026-09-12T16:30:00Z,0,0,0,0,0,0,0,0,0.0,0.0,0.0,0.0,0.0,0.0,0.0,0.0,0,49
2026-27,4,232,O'Brien,DEF,EVE,9,19,0,2026-09-12T16:30:00Z,15,1,0,0,0,0,0,2,1.0,0.0,0.0,0.1,0.0,0.0,0.0,0.26,0,49
2026-27,4,233,Mykolenko,DEF,EVE,9,19,0,2026-09-12T16:30:00Z,90,11,0,0,1,0,3,38,24.4,11.3,4.0,4.0,0.0,0.07,0.07,0.69,1,45
2026-27,4,234,Patterson,DEF,EVE,9,19,0,2026-09-12T16:30:00Z,0,0,0,0,0,0,0,0,0.0,0.0,0.0,0.0,0.0,0.0,0.0,0.0,0,45
2026-27,4,235,Aznou,DEF,EVE,9,19,0,2026-09-12T16:30:00Z,0,0,0,0,0,0,0,0,0.0,0.0,0.0,0.0,0.0,0.0,0.0,0.0,0,40
2026-27,4,236,Dewsbury-Hall,MID,EVE,9,19,0,2026-09-12T16:30:00Z,90,2,0,0,1,0,0,16,15.0,19.0,28.0,6.2,0.17,0.09,0.26,0.69,1,65
2026-27,4,237,Ndiaye,MID,MCI,15,16,0,2026-09-13T15:30:00Z,45,1,0,0,0,0,0,15,9.8,1.8,2.0,1.4,0.0,0.01,0.01,0.8,0,59
2026-27,4,238,Grealish,MID,EVE,9,19,0,2026-09-12T16:30:00Z,25,1,0,0,0,0,0,4,3.4,1.2,2.0,0.7,0.0,0.01,0.01,0.3,0,65
2026-27,4,239,Garner,MID,EVE,9,19,0,2026-09-12T16:30:00Z,90,4,0,0,1,0,0,23,23.6,5.1,7.0,3.6,0.04,0.02,0.06,0.69,1,60
2026-27,4,240,Iroegbunam,MID,HUL,11,6,0,2026-09-12T14:00:00Z,21,0,0,0,0,0,0,2,3.0,0.2,0.0,0.3,0.0,0.0,0.0,0.35,0,50
2026-27,4,241,McNeil,MID,CRY,8,12,1,2026-09-12T14:00:00Z,0,0,0,0,0,0,0,0,0.0,0.0,0.0,0.0,0.0,0.0,0.0,0.0,0,54
2026-27,4,242,George,MID,EVE,9,19,0,2026-09-12T16:30:00Z,64,3,0,0,1,0,0,13,6.4,15.4,5.0,2.7,0.05,0.15,0.2,0.39,1,55
2026-27,4,243,Alcaraz,MID,EVE,9,19,0,2026-09-12T16:30:00Z,0,0,0,0,0,0,0,0,0.0,0.0,0.0,0.0,0.0,0.0,0.0,0.0,0,49
2026-27,4,244,Armstrong,MID,EVE,9,19,0,2026-09-12T16:30:00Z,90,3,0,0,1,0,0,6,12.4,4.5,2.0,1.9,0.0,0.02,0.02,0.69,1,50
2026-27,4,245,Dibling,MID,EVE,9,19,0,2026-09-12T16:30:00Z,0,0,0,0,0,0,0,0,0.0,0.0,0.0,0.0,0.0,0.0,0.0,0.0,0,54
2026-27,4,246,Röhl,MID,EVE,9,19,0,2026-09-12T16:30:00Z,0,0,0,0,0,0,0,0,0.0,0.0,0.0,0.0,0.0,0.0,0.0,0.0,0,50
2026-27,4,247,Hackney,MID,EVE,9,19,0,2026-09-12T16:30:00Z,15,1,0,0,0,0,0,3,3.2,10.8,4.0,1.8,0.0,0.02,0.02,0.26,0,55
2026-27,4,248,Beto,FWD,EVE,9,19,0,2026-09-12T16:30:00Z,0,0,0,0,0,0,0,0,0.0,0.0,0.0,0.0,0.0,0.0,0.0,0.0,0,54
2026-27,4,249,Barry,FWD,EVE,9,19,0,2026-09-12T16:30:00Z,90,2,0,0,1,0,0,5,3.2,14.0,57.0,7.4,0.67,0.03,0.7,0.69,1,56
2026-27,4,250,Leno,GK,FUL,10,14,0,2026-09-12T14:00:00Z,90,9,0,0,1,0,2,29,25.4,0.0,0.0,2.5,0.0,0.0,0.0,1.28,1,45
2026-27,4,251,Lecomte,GK,FUL,10,14,0,2026-09-12T14:00:00Z,0,0,0,0,0,0,0,0,0.0,0.0,0.0,0.0,0.0,0.0,0.0,0.0,0,40
2026-27,4,252,McNally,GK,FUL,10,14,0,2026-09-12T14:00:00Z,0,0,0,0,0,0,0,0,0.0,0.0,0.0,0.0,0.0,0.0,0.0,0.0,0,40
2026-27,4,253,Andersen,DEF,FUL,10,14,0,2026-09-12T14:00:00Z,0,0,0,0,0,0,0,0,0.0,0.0,0.0,0.0,0.0,0.0,0.0,0.0,0,50
2026-27,4,254,Robinson,DEF,FUL,10,14,0,2026-09-12T14:00:00Z,90,6,0,0,1,0,0,25,17.6,22.1,6.0,4.6,0.05,0.05,0.1,1.28,1,45
2026-27,4,255,J.Cuenca,DEF,FUL,10,14,0,2026-09-12T14:00:00Z,0,0,0,0,0,0,0,0,0.0,0.0,0.0,0.0,0.0,0.0,0.0,0.0,0,45
2026-27,4,256,Tete,DEF,FUL,10,14,0,2026-09-12T14:00:00Z,27,0,0,0,0,0,0,-1,1.6,0.3,2.0,0.4,0.0,0.0,0.0,0.65,0,44
2026-27,4,257,Bassey,DEF,FUL,10,14,0,2026-09-12T14:00:00Z,90,6,0,0,1,0,0,27,23.4,0.7,21.0,4.5,0.05,0.0,0.05,1.28,1,45
2026-27,4,258,Castagne,DEF,FUL,10,14,0,2026-09-12T14:00:00Z,71,6,0,0,1,0,0,23,11.2,0.8,2.0,1.4,0.0,0.01,0.01,0.74,1,45
2026-27,4,259,Diop,DEF,IPS,12,8,0,2026-09-12T14:00:00Z,90,1,0,0,0,2,0,8,15.0,1.8,2.0,1.9,0.0,0.13,0.13,0.62,1,40
2026-27,4,260,Wilson,MID,LEE,13,17,1,2026-09-14T19:00:00Z,18,1,0,0,0,1,0,4,3.2,4.7,0.0,0.8,0.0,0.03,0.03,0.3,0,63
2026-27,4,261,Iwobi,MID,FUL,10,14,0,2026-09-12T14:00:00Z,76,3,0,0,1,0,0,15,7.6,33.7,10.0,5.1,0.15,0.11,0.26,0.81,1,54
2026-27,4,262,Smith Rowe,MID,FUL,10,14,0,2026-09-12T14:00:00Z,13,1,0,0,0,0,0,3,1.2,0.5,0.0,0.2,0.0,0.0,0.0,0.46,0,54
2026-27,4,263,Kevin,MID,FUL,10,14,0,2026-09-12T14:00:00Z,18,1,0,0,0,0,0,4,0.2,3.3,1.0,0.5,0.03,0.07,0.1,0.54,0,54
2026-27,4,264,Bobb,MID,FUL,10,14,0,2026-09-12T14:00:00Z,62,3,0,0,1,0,0,12,10.0,30.0,4.0,4.4,0.0,0.13,0.13,0.63,1,55
2026-27,4,265,Berge,MID,FUL,10,14,0,2026-09-12T14:00:00Z,90,3,0,0,1,0,0,14,18.6,11.7,6.0,3.6,0.0,0.01,0.01,1.28,1,49
2026-27,4,266,Cairney,MID,FUL,10,14,0,2026-09-12T14:00:00Z,0,0,0,0,0,0,0,0,0.0,0.0,0.0,0.0,0.0,0.0,0.0,0.0,0,50
2026-27,4,267,Lukić,MID,IPS,12,8,0,2026-09-12T14:00:00Z,76,1,0,0,0,2,0,8,10.2,23.5,2.0,3.6,0.0,0.1,0.1,0.35,1,50
2026-27,4,268,King,MID,FUL,10,14,0,2026-09-12T14:00:00Z,76,3,0,0,1,0,0,19,11.4,14.3,37.0,6.3,0.21,0.09,0.3,0.81,1,55
2026-27,4,269,Sessegnon,DEF,FUL,10,14,0,2026-09-12T14:00:00Z,0,0,0,0,0,0,0,0,0.0,0.0,0.0,0.0,0.0,0.0,0.0,0.0,0,44
2026-27,4,270,Reed,MID,FUL,10,14,0,2026-09-12T14:00:00Z,0,0,0,0,0,0,0,0,0.0,0.0,0.0,0.0,0.0,0.0,0.0,0.0,0,45
2026-27,4,271,Muniz,FWD,FUL,10,14,0,2026-09-12T14:00:00Z,13,1,0,0,0,0,0,4,2.0,0.3,2.0,0.4,0.0,0.0,0.0,0.46,0,54
2026-27,4,272,Kusi-Asare,FWD,FUL,10,14,0,2026-09-12T14:00:00Z,0,0,0,0,0,0,0,0,0.0,0.0,0.0,0.0,0.0,0.0,0.0,0.0,0,45
2026-27,4,273,Phillips,GK,HUL,11,6,0,2026-09-12T14:00:00Z,0,0,0,0,0,0,0,0,0.0,0.0,0.0,0.0,0.0,0.0,0.0,0.0,0,40
2026-27,4,274,Butland,GK,HUL,11,6,0,2026-09-12T14:00:00Z,0,0,0,0,0,0,0,0,0.0,0.0,0.0,0.0,0.0,0.0,0.0,0.0,0,45
2026-27,4,275,Cartwright,GK,HUL,11,6,0,2026-09-12T14:00:00Z,0,0,0,0,0,0,0,0,0.0,0.0,0.0,0.0,0.0,0.0,0.0,0.0,0,40
2026-27,4,276,Lo-Tutala,GK,HUL,11,6,0,2026-09-12T14:00:00Z,0,0,0,0,0,0,0,0,0.0,0.0,0.0,0.0,0.0,0.0,0.0,0.0,0,40
2026-27,4,277,Egan,DEF,HUL,11,6,0,2026-09-12T14:00:00Z,90,2,0,0,0,2,0,-1,14.2,0.5,6.0,2.1,0.04,0.0,0.04,0.91,1,41
2026-27,4,278,Hughes,DEF,HUL,11,6,0,2026-09-12T14:00:00Z,0,0,0,0,0,0,0,0,0.0,0.0,0.0,0.0,0.0,0.0,0.0,0.0,0,40
2026-27,4,279,Ajayi,DEF,HUL,11,6,0,2026-09-12T14:00:00Z,90,1,0,0,0,2,0,-6,5.4,1.3,6.0,1.3,0.13,0.0,0.13,0.91,1,42
2026-27,4,280,Coyle,DEF,HUL,11,6,0,2026-09-12T14:00:00Z,81,1,0,0,0,2,0,2,5.6,10.9,5.0,2.2,0.13,0.01,0.14,0.72,1,40
2026-27,4,281,Drameh,DEF,HUL,11,6,0,2026-09-12T14:00:00Z,0,0,0,0,0,0,0,0,0.0,0.0,0.0,0.0,0.0,0.0,0.0,0.0,0,40
2026-27,4,282,Giles,DEF,HUL,11,6,0,2026-09-12T14:00:00Z,90,4,0,1,0,2,0,20,32.4,33.5,0.0,6.6,0.0,0.17,0.17,0.91,1,40
2026-27,4,283,Jacob,DEF,HUL,11,6,0,2026-09-12T14:00:00Z,0,0,0,0,0,0,0,0,0.0,0.0,0.0,0.0,0.0,0.0,0.0,0.0,0,40
2026-27,4,284,McCarthy,DEF,HUL,11,6,0,2026-09-12T14:00:00Z,0,0,0,0,0,0,0,0,0.0,0.0,0.0,0.0,0.0,0.0,0.0,0.0,0,40
2026-27,4,285,McNair,DEF,HUL,11,6,0,2026-09-12T14:00:00Z,0,0,0,0,0,0,0,0,0.0,0.0,0.0,0.0,0.0,0.0,0.0,0.0,0,40
2026-27,4,286,Belloumi,MID,HUL,11,6,0,2026-09-12T14:00:00Z,59,13,2,0,0,1,2,43,68.2,11.7,31.0,11.1,0.17,0.06,0.23,0.26,1,50
2026-27,4,287,Millar,MID,HUL,11,6,0,2026-09-12T14:00:00Z,0,0,0,0,0,0,0,0,0.0,0.0,0.0,0.0,0.0,0.0,0.0,0.0,0,50
2026-27,4,288,Dowell,MID,HUL,11,6,0,2026-09-12T14:00:00Z,0,0,0,0,0,0,0,0,0.0,0.0,0.0,0.0,0.0,0.0,0.0,0.0,0,45
2026-27,4,289,Crooks,MID,HUL,11,6,0,2026-09-12T14:00:00Z,68,1,0,0,0,2,0,2,11.0,0.4,0.0,1.1,0.0,0.0,0.0,0.55,1,45
2026-27,4,290,Slater,MID,HUL,11,6,0,2026-09-12T14:00:00Z,90,2,0,0,0,2,0,22,19.2,26.9,7.0,5.3,0.04,0.1,0.14,0.91,1,45
2026-27,4,291,Matazo,MID,HUL,11,6,0,2026-09-12T14:00:00Z,0,0,0,0,0,0,0,0,0.0,0.0,0.0,0.0,0.0,0.0,0.0,0.0,0,45
2026-27,4,292,Ömür,MID,HUL,11,6,0,2026-09-12T14:00:00Z,0,0,0,0,0,0,0,0,0.0,0.0,0.0,0.0,0.0,0.0,0.0,0.0,0,49
2026-27,4,293,Kamara,MID,HUL,11,6,0,2026-09-12T14:00:00Z,0,0,0,0,0,0,0,0,0.0,0.0,0.0,0.0,0.0,0.0,0.0,0.0,0,50
2026-27,4,294,Zambrano,MID,HUL,11,6,0,2026-09-12T14:00:00Z,0,0,0,0,0,0,0,0,0.0,0.0,0.0,0.0,0.0,0.0,0.0,0.0,0,45
2026-27,4,295,McBurnie,FWD,HUL,11,6,0,2026-09-12T14:00:00Z,81,4,0,1,0,2,0,17,23.6,10.8,19.0,5.3,0.33,0.04,0.37,0.72,1,55
2026-27,4,296,Akintola,MID,HUL,11,6,0,2026-09-12T14:00:00Z,0,0,0,0,0,0,0,0,0.0,0.0,0.0,0.0,0.0,0.0,0.0,0.0,0,50
2026-27,4,297,Gyabi,MID,HUL,11,6,0,2026-09-12T14:00:00Z,0,0,0,0,0,0,0,0,0.0,0.0,0.0,0.0,0.0,0.0,0.0,0.0,0,45
2026-27,4,298,Destan,FWD,HUL,11,6,0,2026-09-12T14:00:00Z,0,0,0,0,0,0,0,0,0.0,0.0,0.0,0.0,0.0,0.0,0.0,0.0,0,45
2026-27,4,299,Burstow,FWD,HUL,11,6,0,2026-09-12T14:00:00Z,0,0,0,0,0,0,0,0,0.0,0.0,0.0,0.0,0.0,0.0,0.0,0.0,0,45
2026-27,4,300,Walton,GK,IPS,12,8,0,2026-09-12T14:00:00Z,0,0,0,0,0,0,0,0,0.0,0.0,0.0,0.0,0.0,0.0,0.0,0.0,0,44
2026-27,4,301,Palmer,GK,IPS,12,8,0,2026-09-12T14:00:00Z,0,0,0,0,0,0,0,0,0.0,0.0,0.0,0.0,0.0,0.0,0.0,0.0,0,40
2026-27,4,302,Button,GK,IPS,12,8,0,2026-09-12T14:00:00Z,0,0,0,0,0,0,0,0,0.0,0.0,0.0,0.0,0.0,0.0,0.0,0.0,0,40
2026-27,4,303,Kipré,DEF,IPS,12,8,0,2026-09-12T14:00:00Z,0,0,0,0,0,0,0,0,0.0,0.0,0.0,0.0,0.0,0.0,0.0,0.0,0,40
2026-27,4,304,O'Shea,DEF,IPS,12,8,0,2026-09-12T14:00:00Z,90,1,0,0,0,2,0,5,29.6,30.8,4.0,6.4,0.0,0.08,0.08,0.62,1,40
2026-27,4,305,Davis,DEF,IPS,12,8,0,2026-09-12T14:00:00Z,90,14,1,2,0,2,1,35,54.8,17.1,39.0,11.1,0.52,0.19,0.71,0.62,1,40
2026-27,4,306,Greaves,DEF,IPS,12,8,0,2026-09-12T14:00:00Z,87,1,0,0,0,2,0,7,18.8,2.0,0.0,2.1,0.0,0.01,0.01,0.62,1,40
2026-27,4,307,Johnson,DEF,IPS,12,8,0,2026-09-12T14:00:00Z,0,0,0,0,0,0,0,0,0.0,0.0,0.0,0.0,0.0,0.0,0.0,0.0,0,40
2026-27,4,308,Furlong,DEF,IPS,12,8,0,2026-09-12T14:00:00Z,0,0,0,0,0,0,0,0,0.0,0.0,0.0,0.0,0.0,0.0,0.0,0.0,0,40
2026-27,4,309,Núñez,MID,IPS,12,8,0,2026-09-12T14:00:00Z,0,0,0,0,0,0,0,0,0.0,0.0,0.0,0.0,0.0,0.0,0.0,0.0,0,50
2026-27,4,310,Matusiwa,MID,IPS,12,8,0,2026-09-12T14:00:00Z,0,0,0,0,0,0,0,0,0.0,0.0,0.0,0.0,0.0,0.0,0.0,0.0,0,49
2026-27,4,311,Burns,MID,IPS,12,8,0,2026-09-12T14:00:00Z,0,0,0,0,0,0,0,0,0.0,0.0,0.0,0.0,0.0,0.0,0.0,0.0,0,50
2026-27,4,312,Taylor,MID,IPS,12,8,0,2026-09-12T14:00:00Z,0,0,0,0,0,0,0,0,0.0,0.0,0.0,0.0,0.0,0.0,0.0,0.0,0,45
2026-27,4,313,Clarke,MID,IPS,12,8,0,2026-09-12T14:00:00Z,62,1,0,0,0,1,0,8,5.0,13.0,21.0,3.9,0.15,0.02,0.17,0.2,1,54
2026-27,4,314,Ogbene,MID,IPS,12,8,0,2026-09-12T14:00:00Z,0,0,0,0,0,0,0,0,0.0,0.0,0.0,0.0,0.0,0.0,0.0,0.0,0,49
2026-27,4,315,Fatawu,MID,IPS,12,8,0,2026-09-12T14:00:00Z,61,1,0,0,0,1,0,6,6.2,11.3,6.0,2.4,0.0,0.05,0.05,0.2,1,55
2026-27,4,316,Emersonn,FWD,IPS,12,8,0,2026-09-12T14:00:00Z,62,12,1,1,0,1,3,45,46.6,12.4,33.0,9.2,0.44,0.05,0.49,0.2,1,55
2026-27,4,317,Hirst,FWD,IPS,12,8,0,2026-09-12T14:00:00Z,0,0,0,0,0,0,0,0,0.0,0.0,0.0,0.0,0.0,0.0,0.0,0.0,0,50
2026-27,4,318,Philogene,MID,IPS,12,8,0,2026-09-12T14:00:00Z,28,1,0,0,0,1,0,6,3.4,0.8,9.0,1.3,0.02,0.0,0.01,0.41,0,54
2026-27,4,319,Szmodics,MID,IPS,12,8,0,2026-09-12T14:00:00Z,0,0,0,0,0,0,0,0,0.0,0.0,0.0,0.0,0.0,0.0,0.0,0.0,0,50
2026-27,4,320,Akpom,FWD,IPS,12,8,0,2026-09-12T14:00:00Z,0,0,0,0,0,0,0,0,0.0,0.0,0.0,0.0,0.0,0.0,0.0,0.0,0,50
2026-27,4,321,Walle Egeli,FWD,IPS,12,8,0,2026-09-12T14:00:00Z,0,0,0,0,0,0,0,0,0.0,0.0,0.0,0.0,0.0,0.0,0.0,0.0,0,45
2026-27,4,322,Al-Hamadi,FWD,IPS,12,8,0,2026-09-12T14:00:00Z,0,0,0,0,0,0,0,0,0.0,0.0,0.0,0.0,0.0,0.0,0.0,0.0,0,50
2026-27,4,323,McAteer,MID,IPS,12,8,0,2026-09-12T14:00:00Z,0,0,0,0,0,0,0,0,0.0,0.0,0.0,0.0,0.0,0.0,0.0,0.0,0,45
2026-27,4,324,Mehmeti,MID,IPS,12,8,0,2026-09-12T14:00:00Z,0,0,0,0,0,0,0,0,0.0,0.0,0.0,0.0,0.0,0.0,0.0,0.0,0,49
2026-27,4,325,Darlow,GK,MUN,16,15,1,2026-09-13T15:30:00Z,0,0,0,0,0,0,0,0,0.0,0.0,0.0,0.0,0.0,0.0,0.0,0.0,0,45
2026-27,4,326,Perri,GK,LEE,13,17,1,2026-09-14T19:00:00Z,0,0,0,0,0,0,0,0,0.0,0.0,0.0,0.0,0.0,0.0,0.0,0.0,0,45
2026-27,4,327,Bijol,DEF,LEE,13,17,1,2026-09-14T19:00:00Z,0,0,0,0,0,0,0,0,0.0,0.0,0.0,0.0,0.0,0.0,0.0,0.0,0,50
2026-27,4,328,Struijk,DEF,BHA,5,7,0,2026-09-13T13:00:00Z,12,1,0,0,0,0,0,4,11.2,0.8,0.0,1.2,0.0,0.01,0.01,0.22,0,50
2026-27,4,329,Rodon,DEF,LEE,13,17,1,2026-09-14T19:00:00Z,0,0,0,0,0,0,0,0,0.0,0.0,0.0,0.0,0.0,0.0,0.0,0.0,0,44
2026-27,4,330,Bogle,DEF,LEE,13,17,1,2026-09-14T19:00:00Z,82,15,1,0,1,0,3,45,47.8,18.5,71.0,13.7,0.41,0.05,0.46,0.59,1,45
2026-27,4,331,Gudmundsson,DEF,LEE,13,17,1,2026-09-14T19:00:00Z,72,6,0,0,1,0,0,26,10.0,8.6,4.0,2.3,0.0,0.18,0.18,0.58,1,45
2026-27,4,332,Justin,DEF,LEE,13,17,1,2026-09-14T19:00:00Z,90,2,0,0,0,1,0,11,18.4,25.6,4.0,4.8,0.0,0.28,0.28,0.88,1,45
2026-27,4,333,Bornauw,DEF,LEE,13,17,1,2026-09-14T19:00:00Z,0,0,0,0,0,0,0,0,0.0,0.0,0.0,0.0,0.0,0.0,0.0,0.0,0,45
2026-27,4,334,Muharemović,DEF,LEE,13,17,1,2026-09-14T19:00:00Z,90,7,0,1,0,1,0,27,37.0,10.5,2.0,5.0,0.0,0.02,0.02,0.88,1,50
2026-27,4,335,Stach,MID,LEE,13,17,1,2026-09-14T19:00:00Z,87,3,0,0,1,0,0,16,12.0,40.4,12.0,6.4,0.43,0.07,0.5,0.59,1,60
2026-27,4,336,Okafor,MID,LEE,13,17,1,2026-09-14T19:00:00Z,71,9,1,0,1,0,1,35,41.4,17.8,21.0,8.0,0.07,0.08,0.15,0.58,1,59
2026-27,4,337,Aaronson,MID,LEE,13,17,1,2026-09-14T19:00:00Z,18,1,0,0,0,1,0,4,0.2,0.3,2.0,0.3,0.0,0.0,0.0,0.3,0,54
2026-27,4,338,Ampadu,MID,LEE,13,17,1,2026-09-14T19:00:00Z,90,7,0,1,0,1,0,25,8.0,1.7,4.0,1.4,0.07,0.02,0.09,0.88,1,54
2026-27,4,339,Longstaff,MID,LEE,13,17,1,2026-09-14T19:00:00Z,2,1,0,0,0,1,0,4,0.0,0.0,0.0,0.0,0.0,0.0,0.0,0.28,0,49
2026-27,4,340,Gelhardt,MID,HUL,11,6,0,2026-09-12T14:00:00Z,0,0,0,0,0,0,0,0,0.0,0.0,0.0,0.0,0.0,0.0,0.0,0.0,0,50
2026-27,4,341,Gnonto,MID,LEE,13,17,1,2026-09-14T19:00:00Z,0,0,0,0,0,0,0,0,0.0,0.0,0.0,0.0,0.0,0.0,0.0,0.0,0,50
2026-27,4,342,Harrison,MID,LEE,13,17,1,2026-09-14T19:00:00Z,0,0,0,0,0,0,0,0,0.0,0.0,0.0,0.0,0.0,0.0,0.0,0.0,0,50
2026-27,4,343,James,MID,LEE,13,17,1,2026-09-14T19:00:00Z,7,1,0,0,0,1,0,4,0.0,0.0,3.0,0.3,0.11,0.0,0.11,0.28,0,50
2026-27,4,344,Gruev,MID,LEE,13,17,1,2026-09-14T19:00:00Z,0,0,0,0,0,0,0,0,0.0,0.0,0.0,0.0,0.0,0.0,0.0,0.0,0,50
2026-27,4,345,Tanaka,MID,LEE,13,17,1,2026-09-14T19:00:00Z,71,6,0,1,1,0,0,24,9.2,3.1,2.0,1.4,0.06,0.03,0.09,0.58,1,49
2026-27,4,346,Calvert-Lewin,FWD,LEE,13,17,1,2026-09-14T19:00:00Z,77,10,1,1,1,0,2,37,51.0,12.2,67.0,13.0,0.87,0.0,0.87,0.59,1,60
2026-27,4,347,Nmecha,FWD,LEE,13,17,1,2026-09-14T19:00:00Z,12,1,0,0,0,1,0,4,0.2,0.3,0.0,0.1,0.0,0.01,0.01,0.28,0,54
2026-27,4,348,Piroe,FWD,LEE,13,17,1,2026-09-14T19:00:00Z,0,0,0,0,0,0,0,0,0.0,0.0,0.0,0.0,0.0,0.0,0.0,0.0,0,50
2026-27,4,349,Mateo Joseph,FWD,LEE,13,17,1,2026-09-14T19:00:00Z,0,0,0,0,0,0,0,0,0.0,0.0,0.0,0.0,0.0,0.0,0.0,0.0,0,45
2026-27,4,350,A.Becker,GK,LIV,14,10,1,2026-09-12T14:00:00Z,90,9,0,0,1,0,2,29,21.0,0.0,0.0,2.1,0.0,0.0,0.0,0.7,1,55
2026-27,4,351,Mamardashvili,GK,LIV,14,10,1,2026-09-12T14:00:00Z,0,0,0,0,0,0,0,0,0.0,0.0,0.0,0.0,0.0,0.0,0.0,0.0,0,49
2026-27,4,352,Woodman,GK,LIV,14,10,1,2026-09-12T14:00:00Z,0,0,0,0,0,0,0,0,0.0,0.0,0.0,0.0,0.0,0.0,0.0,0.0,0,40
2026-27,4,353,Pecsi,GK,LIV,14,10,1,2026-09-12T14:00:00Z,0,0,0,0,0,0,0,0,0.0,0.0,0.0,0.0,0.0,0.0,0.0,0.0,0,40
2026-27,4,354,Jaros,GK,LIV,14,10,1,2026-09-12T14:00:00Z,0,0,0,0,0,0,0,0,0.0,0.0,0.0,0.0,0.0,0.0,0.0,0.0,0,40
2026-27,4,355,Davies,GK,LIV,14,10,1,2026-09-12T14:00:00Z,0,0,0,0,0,0,0,0,0.0,0.0,0.0,0.0,0.0,0.0,0.0,0.0,0,40
2026-27,4,356,Virgil,DEF,LIV,14,10,1,2026-09-12T14:00:00Z,90,8,0,0,1,0,0,25,25.8,12.8,0.0,3.9,0.0,0.01,0.01,0.7,1,65
2026-27,4,357,Frimpong,DEF,LIV,14,10,1,2026-09-12T14:00:00Z,18,1,0,0,0,0,0,12,13.0,24.9,2.0,4.0,0.0,0.12,0.12,0.1,0,54
2026-27,4,358,Kerkez,DEF,LIV,14,10,1,2026-09-12T14:00:00Z,45,1,0,0,0,0,0,6,9.8,7.1,0.0,1.7,0.0,0.01,0.01,0.3,0,54
2026-27,4,359,Gomez,DEF,LIV,14,10,1,2026-09-12T14:00:00Z,0,0,0,0,0,0,0,0,0.0,0.0,0.0,0.0,0.0,0.0,0.0,0.0,0,50
2026-27,4,360,Bradley,DEF,LIV,14,10,1,2026-09-12T14:00:00Z,0,0,0,0,0,0,0,0,0.0,0.0,0.0,0.0,0.0,0.0,0.0,0.0,0,50
2026-27,4,361,Lucky,DEF,LIV,14,10,1,2026-09-12T14:00:00Z,0,0,0,0,0,0,0,0,0.0,0.0,0.0,0.0,0.0,0.0,0.0,0.0,0,40
2026-27,4,362,Jacquet,DEF,LIV,14,10,1,2026-09-12T14:00:00Z,90,9,0,0,1,0,3,36,20.2,3.3,0.0,2.4,0.0,0.02,0.02,0.7,1,50
2026-27,4,363,Leoni,DEF,LIV,14,10,1,2026-09-12T14:00:00Z,0,0,0,0,0,0,0,0,0.0,0.0,0.0,0.0,0.0,0.0,0.0,0.0,0,40
2026-27,4,364,Tsimikas,DEF,LIV,14,10,1,2026-09-12T14:00:00Z,45,1,0,0,0,0,0,2,2.8,1.6,0.0,0.4,0.0,0.01,0.01,0.4,1,49
2026-27,4,365,Ramsay,DEF,LIV,14,10,1,2026-09-12T14:00:00Z,0,0,0,0,0,0,0,0,0.0,0.0,0.0,0.0,0.0,0.0,0.0,0.0,0,40
2026-27,4,366,Wirtz,MID,LIV,14,10,1,2026-09-12T14:00:00Z,90,3,0,0,1,0,0,14,7.6,31.8,12.0,5.1,0.11,0.06,0.17,0.7,1,74
2026-27,4,367,Gakpo,MID,LIV,14,10,1,2026-09-12T14:00:00Z,30,1,0,0,0,0,0,3,0.8,1.3,7.0,0.9,0.08,0.02,0.1,0.16,0,72
2026-27,4,368,Szoboszlai,MID,LIV,14,10,1,2026-09-12T14:00:00Z,90,3,0,0,1,0,0,25,16.0,55.7,9.0,8.1,0.12,0.28,0.4,0.7,1,70
2026-27,4,369,Ngumoha,MID,LIV,14,10,1,2026-09-12T14:00:00Z,18,1,0,0,0,0,0,-1,0.0,0.8,4.0,0.3,0.11,0.0,0.11,0.1,0,58
2026-27,4,370,Chiesa,MID,LIV,14,10,1,2026-09-12T14:00:00Z,0,0,0,0,0,0,0,0,0.0,0.0,0.0,0.0,0.0,0.0,0.0,0.0,0,54
2026-27,4,371,Gravenberch,MID,LIV,14,10,1,2026-09-12T14:00:00Z,59,1,0,0,0,0,0,13,19.6,11.4,2.0,3.3,0.04,0.01,0.05,0.54,1,59
2026-27,4,372,Mac Allister,MID,LIV,14,10,1,2026-09-12T14:00:00Z,30,1,0,0,0,0,0,7,9.2,22.4,4.0,3.6,0.02,0.02,0.04,0.16,0,54
2026-27,4,373,C.Jones,MID,LIV,14,10,1,2026-09-12T14:00:00Z,0,0,0,0,0,0,0,0,0.0,0.0,0.0,0.0,0.0,0.0,0.0,0.0,0,55
2026-27,4,374,Endo,MID,LIV,14,10,1,2026-09-12T14:00:00Z,0,0,0,0,0,0,0,0,0.0,0.0,0.0,0.0,0.0,0.0,0.0,0.0,0,49
2026-27,4,375,Nyoni,MID,LIV,14,10,1,2026-09-12T14:00:00Z,0,0,0,0,0,0,0,0,0.0,0.0,0.0,0.0,0.0,0.0,0.0,0.0,0,49
2026-27,4,376,Bajcetic,MID,LIV,14,10,1,2026-09-12T14:00:00Z,0,0,0,0,0,0,0,0,0.0,0.0,0.0,0.0,0.0,0.0,0.0,0.0,0,50
2026-27,4,377,Munoz,MID,LIV,14,10,1,2026-09-12T14:00:00Z,59,1,0,0,0,0,0,5,3.4,1.4,37.0,4.2,0.1,0.0,0.1,0.54,1,65
2026-27,4,378,McConnell,MID,LIV,14,10,1,2026-09-12T14:00:00Z,0,0,0,0,0,0,0,0,0.0,0.0,0.0,0.0,0.0,0.0,0.0,0.0,0,45
2026-27,4,379,Isak,FWD,LIV,14,10,1,2026-09-12T14:00:00Z,90,2,0,0,1,0,0,5,1.2,2.8,28.0,3.2,0.5,0.0,0.5,0.7,1,91
2026-27,4,380,Ekitiké,FWD,LIV,14,10,1,2026-09-12T14:00:00Z,0,0,0,0,0,0,0,0,0.0,0.0,0.0,0.0,0.0,0.0,0.0,0.0,0,74
2026-27,4,381,Koumas,MID,LIV,14,10,1,2026-09-12T14:00:00Z,0,0,0,0,0,0,0,0,0.0,0.0,0.0,0.0,0.0,0.0,0.0,0.0,0,50
2026-27,4,382,Danns,FWD,LIV,14,10,1,2026-09-12T14:00:00Z,0,0,0,0,0,0,0,0,0.0,0.0,0.0,0.0,0.0,0.0,0.0,0.0,0,45
2026-27,4,383,Elliott,MID,LIV,14,10,1,2026-09-12T14:00:00Z,0,0,0,0,0,0,0,0,0.0,0.0,0.0,0.0,0.0,0.0,0.0,0.0,0,54
2026-27,4,384,Donnarumma,GK,MCI,15,16,0,2026-09-13T15:30:00Z,90,7,0,0,1,0,0,29,20.6,0.0,0.0,2.1,0.0,0.0,0.0,1.0,1,55
2026-27,4,385,Trafford,GK,LEE,13,17,1,2026-09-14T19:00:00Z,90,3,0,0,0,1,0,17,29.0,0.0,0.0,2.9,0.0,0.0,0.0,0.88,1,50
2026-27,4,386,Bettinelli,GK,MCI,15,16,0,2026-09-13T15:30:00Z,0,0,0,0,0,0,0,0,0.0,0.0,0.0,0.0,0.0,0.0,0.0,0.0,0,45
2026-27,4,387,O'Reilly,DEF,MCI,15,16,0,2026-09-13T15:30:00Z,8,1,0,0,0,0,0,3,0.0,0.5,0.0,0.1,0.0,0.0,0.0,0.5,0,64
2026-27,4,388,Guéhi,DEF,MCI,15,16,0,2026-09-13T15:30:00Z,90,6,0,0,1,0,0,27,16.6,0.6,2.0,1.9,0.0,0.0,0.0,1.0,1,60
2026-27,4,389,Matheus N.,DEF,MCI,15,16,0,2026-09-13T15:30:00Z,90,9,0,0,1,0,1,34,31.2,1.5,0.0,3.3,0.0,0.01,0.01,1.0,1,59
2026-27,4,390,Rúben,DEF,MCI,15,16,0,2026-09-13T15:30:00Z,90,6,0,0,1,0,0,24,17.4,0.2,2.0,2.0,0.0,0.0,0.0,1.0,1,55
2026-27,4,391,Gvardiol,DEF,MCI,15,16,0,2026-09-13T15:30:00Z,90,11,0,1,1,0,3,36,16.4,1.1,4.0,2.2,0.02,0.0,0.02,1.0,1,56
2026-27,4,392,Aït-Nouri,DEF,MCI,15,16,0,2026-09-13T15:30:00Z,0,0,0,0,0,0,0,0,0.0,0.0,0.0,0.0,0.0,0.0,0.0,0.0,0,53
2026-27,4,393,Khusanov,DEF,MCI,15,16,0,2026-09-13T15:30:00Z,0,0,0,0,0,0,0,0,0.0,0.0,0.0,0.0,0.0,0.0,0.0,0.0,0,55
2026-27,4,394,Alleyne,DEF,MCI,15,16,0,2026-09-13T15:30:00Z,0,0,0,0,0,0,0,0,0.0,0.0,0.0,0.0,0.0,0.0,0.0,0.0,0,50
2026-27,4,395,Lewis,DEF,MCI,15,16,0,2026-09-13T15:30:00Z,0,0,0,0,0,0,0,0,0.0,0.0,0.0,0.0,0.0,0.0,0.0,0.0,0,44
2026-27,4,396,Vitor Reis,DEF,MCI,15,16,0,2026-09-13T15:30:00Z,0,0,0,0,0,0,0,0,0.0,0.0,0.0,0.0,0.0,0.0,0.0,0.0,0,45
2026-27,4,397,Semenyo,MID,MCI,15,16,0,2026-09-13T15:30:00Z,90,3,0,0,1,0,0,7,2.2,16.1,6.0,2.4,0.0,0.06,0.06,1.0,1,84
2026-27,4,398,Foden,MID,MCI,15,16,0,2026-09-13T15:30:00Z,22,-2,0,0,0,0,0,-4,0.0,12.1,6.0,1.6,0.0,0.02,0.02,0.1,1,70
2026-27,4,399,Cherki,MID,MCI,15,16,0,2026-09-13T15:30:00Z,45,1,0,0,0,0,0,4,1.6,6.6,4.0,1.2,0.03,0.06,0.09,0.2,1,78
2026-27,4,400,Doku,MID,MCI,15,16,0,2026-09-13T15:30:00Z,0,0,0,0,0,0,0,0,0.0,0.0,0.0,0.0,0.0,0.0,0.0,0.0,0,74
2026-27,4,401,Marmoush,FWD,TOT,19,9,1,2026-09-12T16:30:00Z,76,2,0,0,1,0,0,9,3.2,11.6,14.0,2.9,0.02,0.03,0.05,1.08,1,70
2026-27,4,402,Rodrigo,MID,MCI,15,16,0,2026-09-13T15:30:00Z,0,0,0,0,0,0,0,0,0.0,0.0,0.0,0.0,0.0,0.0,0.0,0.0,0,65
2026-27,4,403,Sávio,MID,TOT,19,9,1,2026-09-12T16:30:00Z,90,3,0,0,1,0,0,22,20.8,53.7,28.0,10.3,0.1,0.26,0.36,1.11,1,65
2026-27,4,404,Reijnders,MID,MCI,15,16,0,2026-09-13T15:30:00Z,0,0,0,0,0,0,0,0,0.0,0.0,0.0,0.0,0.0,0.0,0.0,0.0,0,60
2026-27,4,405,N.Gonzalez,MID,NEW,17,13,0,2026-09-14T19:00:00Z,18,1,0,0,0,0,0,3,0.0,0.1,0.0,0.0,0.0,0.0,0.0,0.27,1,55
2026-27,4,406,Kovačić,MID,MCI,15,16,0,2026-09-13T15:30:00Z,0,0,0,0,0,0,0,0,0.0,0.0,0.0,0.0,0.0,0.0,0.0,0.0,0,54
2026-27,4,407,Echeverri,MID,MCI,15,16,0,2026-09-13T15:30:00Z,0,0,0,0,0,0,0,0,0.0,0.0,0.0,0.0,0.0,0.0,0.0,0.0,0,49
2026-27,4,408,Phillips,MID,MCI,15,16,0,2026-09-13T15:30:00Z,0,0,0,0,0,0,0,0,0.0,0.0,0.0,0.0,0.0,0.0,0.0,0.0,0,50
2026-27,4,409,Mukasa,MID,MCI,15,16,0,2026-09-13T15:30:00Z,0,0,0,0,0,0,0,0,0.0,0.0,0.0,0.0,0.0,0.0,0.0,0.0,0,45
2026-27,4,410,Monga,MID,MCI,15,16,0,2026-09-13T15:30:00Z,0,0,0,0,0,0,0,0,0.0,0.0,0.0,0.0,0.0,0.0,0.0,0.0,0,49
2026-27,4,411,Haaland,FWD,MCI,15,16,0,2026-09-13T15:30:00Z,90,9,1,0,1,0,3,36,34.0,1.6,37.0,7.3,0.87,0.01,0.88,1.0,1,155
2026-27,4,412,Lammens,GK,MUN,16,15,1,2026-09-13T15:30:00Z,90,2,0,0,0,1,0,5,6.6,0.0,0.0,0.7,0.0,0.0,0.0,1.1,1,50
2026-27,4,413,Bayindir,GK,MUN,16,15,1,2026-09-13T15:30:00Z,0,0,0,0,0,0,0,0,0.0,0.0,0.0,0.0,0.0,0.0,0.0,0.0,0,45
2026-27,4,414,Heaton,GK,MUN,16,15,1,2026-09-13T15:30:00Z,0,0,0,0,0,0,0,0,0.0,0.0,0.0,0.0,0.0,0.0,0.0,0.0,0,40
2026-27,4,415,Dorgu,MID,MUN,16,15,1,2026-09-13T15:30:00Z,90,4,0,0,0,1,0,19,19.6,18.7,4.0,4.2,0.0,0.03,0.03,1.1,1,58
2026-27,4,416,De Ligt,DEF,MUN,16,15,1,2026-09-13T15:30:00Z,0,0,0,0,0,0,0,0,0.0,0.0,0.0,0.0,0.0,0.0,0.0,0.0,0,50
2026-27,4,417,Dalot,DEF,MUN,16,15,1,2026-09-13T15:30:00Z,90,2,0,0,0,1,0,9,6.2,16.5,3.0,2.6,0.02,0.05,0.07,1.1,1,49
2026-27,4,418,Maguire,DEF,MUN,16,15,1,2026-09-13T15:30:00Z,90,1,0,0,0,1,0,4,9.4,1.6,11.0,2.2,0.12,0.01,0.13,1.1,1,49
2026-27,4,419,Martinez,DEF,MUN,16,15,1,2026-09-13T15:30:00Z,90,2,0,0,0,1,0,14,20.2,3.4,7.0,3.1,0.03,0.08,0.11,1.1,1,50
2026-27,4,420,Yoro,DEF,MUN,16,15,1,2026-09-13T15:30:00Z,0,0,0,0,0,0,0,0,0.0,0.0,0.0,0.0,0.0,0.0,0.0,0.0,0,49
2026-27,4,421,Heaven,DEF,MUN,16,15,1,2026-09-13T15:30:00Z,0,0,0,0,0,0,0,0,0.0,0.0,0.0,0.0,0.0,0.0,0.0,0.0,0,44
2026-27,4,422,Mazraoui,DEF,MUN,16,15,1,2026-09-13T15:30:00Z,0,0,0,0,0,0,0,0,0.0,0.0,0.0,0.0,0.0,0.0,0.0,0.0,0,44
2026-27,4,423,Shaw,DEF,MUN,16,15,1,2026-09-13T15:30:00Z,0,0,0,0,0,0,0,0,0.0,0.0,0.0,0.0,0.0,0.0,0.0,0.0,0,44
2026-27,4,424,Amass,DEF,MUN,16,15,1,2026-09-13T15:30:00Z,0,0,0,0,0,0,0,0,0.0,0.0,0.0,0.0,0.0,0.0,0.0,0.0,0,40
2026-27,4,425,Fredricson,DEF,MUN,16,15,1,2026-09-13T15:30:00Z,0,0,0,0,0,0,0,0,0.0,0.0,0.0,0.0,0.0,0.0,0.0,0.0,0,40
2026-27,4,426,B.Fernandes,MID,MUN,16,15,1,2026-09-13T15:30:00Z,90,2,0,0,0,1,0,17,17.0,31.4,7.0,5.5,0.03,0.33,0.36,1.1,1,120
2026-27,4,427,Mbeumo,MID,MUN,16,15,1,2026-09-13T15:30:00Z,90,2,0,0,0,1,0,9,11.2,32.8,24.0,6.8,0.49,0.08,0.57,1.1,1,79
2026-27,4,428,Cunha,MID,MUN,16,15,1,2026-09-13T15:30:00Z,90,2,0,0,0,1,0,8,2.4,14.3,15.0,3.2,0.11,0.03,0.14,1.1,1,79
2026-27,4,429,Rashford,MID,MUN,16,15,1,2026-09-13T15:30:00Z,82,2,0,0,0,1,0,6,5.4,14.1,29.0,4.9,0.12,0.08,0.2,1.08,1,70
2026-27,4,430,Mount,MID,MUN,16,15,1,2026-09-13T15:30:00Z,0,0,0,0,0,0,0,0,0.0,0.0,0.0,0.0,0.0,0.0,0.0,0.0,0,54
2026-27,4,431,Amad,MID,MUN,16,15,1,2026-09-13T15:30:00Z,0,0,0,0,0,0,0,0,0.0,0.0,0.0,0.0,0.0,0.0,0.0,0.0,0,58
2026-27,4,432,Mainoo,MID,MUN,16,15,1,2026-09-13T15:30:00Z,90,4,0,0,0,1,0,20,19.8,37.2,1.0,5.8,0.03,0.07,0.1,1.1,1,55
2026-27,4,433,Ugarte,MID,MUN,16,15,1,2026-09-13T15:30:00Z,0,0,0,0,0,0,0,0,0.0,0.0,0.0,0.0,0.0,0.0,0.0,0.0,0,50
2026-27,4,434,J.Fletcher,MID,MUN,16,15,1,2026-09-13T15:30:00Z,0,0,0,0,0,0,0,0,0.0,0.0,0.0,0.0,0.0,0.0,0.0,0.0,0,49
2026-27,4,435,Lacey,MID,MUN,16,15,1,2026-09-13T15:30:00Z,0,0,0,0,0,0,0,0,0.0,0.0,0.0,0.0,0.0,0.0,0.0,0.0,0,49
2026-27,4,436,Collyer,MID,MUN,16,15,1,2026-09-13T15:30:00Z,0,0,0,0,0,0,0,0,0.0,0.0,0.0,0.0,0.0,0.0,0.0,0.0,0,50
2026-27,4,437,Bendito Mantato,MID,MUN,16,15,1,2026-09-13T15:30:00Z,0,0,0,0,0,0,0,0,0.0,0.0,0.0,0.0,0.0,0.0,0.0,0.0,0,45
2026-27,4,438,Fletcher,MID,MUN,16,15,1,2026-09-13T15:30:00Z,0,0,0,0,0,0,0,0,0.0,0.0,0.0,0.0,0.0,0.0,0.0,0.0,0,45
2026-27,4,439,Šeško,FWD,MUN,16,15,1,2026-09-13T15:30:00Z,23,1,0,0,0,0,0,4,1.2,0.7,4.0,0.6,0.06,0.0,0.06,0.57,0,70
2026-27,4,440,Zirkzee,FWD,MUN,16,15,1,2026-09-13T15:30:00Z,7,1,0,0,0,0,0,4,4.4,4.8,0.0,0.9,0.0,0.01,0.01,0.02,0,54
2026-27,4,441,Obi,FWD,MUN,16,15,1,2026-09-13T15:30:00Z,0,0,0,0,0,0,0,0,0.0,0.0,0.0,0.0,0.0,0.0,0.0,0.0,0,45
2026-27,4,442,Pope,GK,NEW,17,13,0,2026-09-14T19:00:00Z,0,0,0,0,0,0,0,0,0.0,0.0,0.0,0.0,0.0,0.0,0.0,0.0,0,49
2026-27,4,443,Gillespie,GK,NEW,17,13,0,2026-09-14T19:00:00Z,0,0,0,0,0,0,0,0,0.0,0.0,0.0,0.0,0.0,0.0,0.0,0.0,0,45
2026-27,4,444,Jaouen,GK,NEW,17,13,0,2026-09-14T19:00:00Z,0,0,0,0,0,0,0,0,0.0,0.0,0.0,0.0,0.0,0.0,0.0,0.0,0,45
2026-27,4,445,Thiaw,DEF,NEW,17,13,0,2026-09-14T19:00:00Z,90,2,0,0,0,4,0,-6,22.6,0.9,0.0,2.4,0.0,0.0,0.0,2.08,1,50
2026-27,4,446,Schär,DEF,NEW,17,13,0,2026-09-14T19:00:00Z,0,0,0,0,0,0,0,0,0.0,0.0,0.0,0.0,0.0,0.0,0.0,0.0,0,50
2026-27,4,447,Botman,DEF,NEW,17,13,0,2026-09-14T19:00:00Z,90,2,0,0,0,4,0,2,31.2,0.3,0.0,3.2,0.0,0.0,0.0,2.08,1,50
2026-27,4,448,Burn,DEF,NEW,17,13,0,2026-09-14T19:00:00Z,0,0,0,0,0,0,0,0,0.0,0.0,0.0,0.0,0.0,0.0,0.0,0.0,0,49
2026-27,4,449,Hall,DEF,NEW,17,13,0,2026-09-14T19:00:00Z,90,0,0,0,0,4,0,9,21.0,3.9,7.0,3.2,0.02,0.01,0.03,2.08,1,52
2026-27,4,450,Livramento,DEF,NEW,17,13,0,2026-09-14T19:00:00Z,32,3,0,1,0,1,0,9,4.8,3.8,4.0,1.3,0.0,0.01,0.01,0.16,0,49
2026-27,4,451,A.Murphy,DEF,NEW,17,13,0,2026-09-14T19:00:00Z,0,0,0,0,0,0,0,0,0.0,0.0,0.0,0.0,0.0,0.0,0.0,0.0,0,40
2026-27,4,452,Bruno G.,MID,ARS,1,20,0,2026-09-12T19:00:00Z,45,7,1,0,0,0,1,29,35.4,3.9,11.0,5.0,0.09,0.14,0.23,1.57,0,68
2026-27,4,453,Barnes,MID,NEW,17,13,0,2026-09-14T19:00:00Z,90,2,0,0,0,4,0,13,12.2,16.8,30.0,5.9,0.29,0.31,0.6,2.08,1,60
2026-27,4,454,Elanga,MID,NEW,17,13,0,2026-09-14T19:00:00Z,0,0,0,0,0,0,0,0,0.0,0.0,0.0,0.0,0.0,0.0,0.0,0.0,0,62
2026-27,4,455,Tonali,MID,TOT,19,9,1,2026-09-12T16:30:00Z,90,3,0,0,1,0,0,16,12.2,30.7,6.0,4.9,0.09,0.31,0.4,1.11,1,54
2026-27,4,456,J.Ramsey,MID,NEW,17,13,0,2026-09-14T19:00:00Z,0,0,0,0,0,0,0,0,0.0,0.0,0.0,0.0,0.0,0.0,0.0,0.0,0,49
2026-27,4,457,J.Murphy,MID,NEW,17,13,0,2026-09-14T19:00:00Z,56,0,0,0,0,3,0,2,1.2,3.7,2.0,0.7,0.0,0.14,0.14,1.91,1,59
2026-27,4,458,Joelinton,MID,NEW,17,13,0,2026-09-14T19:00:00Z,0,0,0,0,0,0,0,0,0.0,0.0,0.0,0.0,0.0,0.0,0.0,0.0,0,54
2026-27,4,459,L.Miley,MID,NEW,17,13,0,2026-09-14T19:00:00Z,79,0,0,0,0,4,0,9,6.6,4.5,0.0,1.1,0.0,0.03,0.03,1.97,1,55
2026-27,4,460,Willock,MID,NEW,17,13,0,2026-09-14T19:00:00Z,32,1,0,0,0,1,0,8,7.6,13.3,18.0,3.9,0.12,0.06,0.18,0.16,0,50
2026-27,4,461,Touré,MID,NEW,17,13,0,2026-09-14T19:00:00Z,33,6,1,0,0,1,0,24,36.6,5.3,21.0,6.3,0.28,0.01,0.29,0.16,0,58
2026-27,4,462,Steur,MID,NEW,17,13,0,2026-09-14T19:00:00Z,71,2,0,0,0,4,0,14,12.0,20.2,0.0,3.2,0.0,0.03,0.03,1.81,0,49
2026-27,4,463,Woltemade,FWD,NEW,17,13,0,2026-09-14T19:00:00Z,0,0,0,0,0,0,0,0,0.0,0.0,0.0,0.0,0.0,0.0,0.0,0.0,0,59
2026-27,4,464,Wissa,FWD,NEW,17,13,0,2026-09-14T19:00:00Z,90,2,0,0,0,4,0,3,2.2,21.5,12.0,3.6,0.16,0.0,0.16,2.08,1,62
2026-27,4,465,Osula,FWD,NEW,17,13,0,2026-09-14T19:00:00Z,0,0,0,0,0,0,0,0,0.0,0.0,0.0,0.0,0.0,0.0,0.0,0.0,0,59
2026-27,4,466,Neave,FWD,NEW,17,13,0,2026-09-14T19:00:00Z,0,0,0,0,0,0,0,0,0.0,0.0,0.0,0.0,0.0,0.0,0.0,0.0,0,45
2026-27,4,467,Sels,GK,NFO,18,2,0,2026-09-12T14:00:00Z,90,3,0,0,0,1,0,19,35.0,0.0,0.0,3.5,0.0,0.0,0.0,0.82,1,50
2026-27,4,468,John,GK,NFO,18,2,0,2026-09-12T14:00:00Z,0,0,0,0,0,0,0,0,0.0,0.0,0.0,0.0,0.0,0.0,0.0,0.0,0,45
2026-27,4,469,N.Williams,DEF,NFO,18,2,0,2026-09-12T14:00:00Z,90,2,0,0,0,1,0,9,8.8,19.9,10.0,3.9,0.2,0.16,0.36,0.82,1,50
2026-27,4,470,Morato,DEF,NFO,18,2,0,2026-09-12T14:00:00Z,0,0,0,0,0,0,0,0,0.0,0.0,0.0,0.0,0.0,0.0,0.0,0.0,0,50
2026-27,4,471,Milenković,DEF,NFO,18,2,0,2026-09-12T14:00:00Z,0,0,0,0,0,0,0,0,0.0,0.0,0.0,0.0,0.0,0.0,0.0,0.0,0,55
2026-27,4,472,Murillo,DEF,NFO,18,2,0,2026-09-12T14:00:00Z,90,6,0,1,0,1,0,18,33.0,10.9,0.0,4.4,0.0,0.01,0.01,0.82,1,55
2026-27,4,473,Aina,DEF,NFO,18,2,0,2026-09-12T14:00:00Z,90,2,0,0,0,1,0,11,17.4,1.7,0.0,1.9,0.0,0.01,0.01,0.82,1,45
2026-27,4,474,Jair Cunha,DEF,NFO,18,2,0,2026-09-12T14:00:00Z,0,0,0,0,0,0,0,0,0.0,0.0,0.0,0.0,0.0,0.0,0.0,0.0,0,45
2026-27,4,475,Savona,DEF,NFO,18,2,0,2026-09-12T14:00:00Z,0,0,0,0,0,0,0,0,0.0,0.0,0.0,0.0,0.0,0.0,0.0,0.0,0,45
2026-27,4,476,O.Richards,DEF,NFO,18,2,0,2026-09-12T14:00:00Z,0,0,0,0,0,0,0,0,0.0,0.0,0.0,0.0,0.0,0.0,0.0,0.0,0,40
2026-27,4,477,Abbott,DEF,NFO,18,2,0,2026-09-12T14:00:00Z,0,0,0,0,0,0,0,0,0.0,0.0,0.0,0.0,0.0,0.0,0.0,0.0,0,40
2026-27,4,478,Netz,DEF,NFO,18,2,0,2026-09-12T14:00:00Z,0,0,0,0,0,0,0,0,0.0,0.0,0.0,0.0,0.0,0.0,0.0,0.0,0,45
2026-27,4,479,Bindon,DEF,NFO,18,2,0,2026-09-12T14:00:00Z,0,0,0,0,0,0,0,0,0.0,0.0,0.0,0.0,0.0,0.0,0.0,0.0,0,40
2026-27,4,480,Gibbs-White,MID,NFO,18,2,0,2026-09-12T14:00:00Z,90,8,0,1,0,1,3,42,39.0,98.5,26.0,16.4,0.16,0.91,1.07,0.82,1,79
2026-27,4,481,Anderson,MID,MCI,15,16,0,2026-09-13T15:30:00Z,90,5,0,0,1,0,0,18,15.2,3.3,0.0,1.9,0.0,0.01,0.01,1.0,1,63
2026-27,4,482,Hudson-Odoi,MID,NFO,18,2,0,2026-09-12T14:00:00Z,0,0,0,0,0,0,0,0,0.0,0.0,0.0,0.0,0.0,0.0,0.0,0.0,0,59
2026-27,4,483,Ndoye,MID,NFO,18,2,0,2026-09-12T14:00:00Z,74,1,0,0,0,1,0,1,0.0,12.5,38.0,4.7,0.7,0.25,0.95,0.73,1,55
2026-27,4,484,Hutchinson,MID,NFO,18,2,0,2026-09-12T14:00:00Z,0,0,0,0,0,0,0,0,0.0,0.0,0.0,0.0,0.0,0.0,0.0,0.0,0,54
2026-27,4,485,Bakwa,MID,NFO,18,2,0,2026-09-12T14:00:00Z,0,0,0,0,0,0,0,0,0.0,0.0,0.0,0.0,0.0,0.0,0.0,0.0,0,55
2026-27,4,486,McAtee,MID,NFO,18,2,0,2026-09-12T14:00:00Z,81,3,0,0,0,1,0,18,14.8,27.3,10.0,5.2,0.03,0.38,0.41,0.73,1,55
2026-27,4,487,Dominguez,MID,NFO,18,2,0,2026-09-12T14:00:00Z,0,0,0,0,0,0,0,0,0.0,0.0,0.0,0.0,0.0,0.0,0.0,0.0,0,49
2026-27,4,488,I.Sangaré,MID,NFO,18,2,0,2026-09-12T14:00:00Z,8,1,0,0,0,0,0,2,2.4,0.4,2.0,0.5,0.06,0.01,0.07,0.09,0,49
2026-27,4,489,Yates,MID,NFO,18,2,0,2026-09-12T14:00:00Z,0,0,0,0,0,0,0,0,0.0,0.0,0.0,0.0,0.0,0.0,0.0,0.0,0,45
2026-27,4,490,Wood,FWD,NFO,18,2,0,2026-09-12T14:00:00Z,1,1,0,0,0,0,0,3,0.0,0.0,0.0,0.0,0.0,0.0,0.0,0.09,0,59
2026-27,4,491,Igor Jesus,FWD,NFO,18,2,0,2026-09-12T14:00:00Z,15,7,1,0,0,0,2,34,36.4,11.0,17.0,6.4,0.13,0.01,0.14,0.09,0,59
2026-27,4,492,Awoniyi,FWD,COV,7,5,1,2026-09-13T13:00:00Z,52,-2,0,0,0,5,0,-5,0.0,10.9,10.0,1.9,0.06,0.01,0.07,1.37,1,55
2026-27,4,493,Kalimuendo,FWD,NFO,18,2,0,2026-09-12T14:00:00Z,0,0,0,0,0,0,0,0,0.0,0.0,0.0,0.0,0.0,0.0,0.0,0.0,0,54
2026-27,4,494,Vicario,GK,TOT,19,9,1,2026-09-12T16:30:00Z,0,0,0,0,0,0,0,0,0.0,0.0,0.0,0.0,0.0,0.0,0.0,0.0,0,45
2026-27,4,495,Austin,GK,TOT,19,9,1,2026-09-12T16:30:00Z,0,0,0,0,0,0,0,0,0.0,0.0,0.0,0.0,0.0,0.0,0.0,0.0,0,40
2026-27,4,496,Kinsky,GK,TOT,19,9,1,2026-09-12T16:30:00Z,90,7,0,0,1,0,0,29,19.8,0.0,0.0,2.0,0.0,0.0,0.0,1.11,1,45
2026-27,4,497,Dubravka,GK,TOT,19,9,1,2026-09-12T16:30:00Z,0,0,0,0,0,0,0,0,0.0,0.0,0.0,0.0,0.0,0.0,0.0,0.0,0,40
2026-27,4,498,Senesi,DEF,TOT,19,9,1,2026-09-12T16:30:00Z,0,0,0,0,0,0,0,0,0.0,0.0,0.0,0.0,0.0,0.0,0.0,0.0,0,59
2026-27,4,499,Pedro Porro,DEF,TOT,19,9,1,2026-09-12T16:30:00Z,0,0,0,0,0,0,0,0,0.0,0.0,0.0,0.0,0.0,0.0,0.0,0.0,0,55
2026-27,4,500,Romero,DEF,TOT,19,9,1,2026-09-12T16:30:00Z,0,0,0,0,0,0,0,0,0.0,0.0,0.0,0.0,0.0,0.0,0.0,0.0,0,50
2026-27,4,501,Danso,DEF,SUN,20,1,1,2026-09-12T19:00:00Z,90,1,0,0,0,2,0,6,16.8,11.0,2.0,3.0,0.0,0.08,0.08,1.88,1,50
2026-27,4,502,Robertson,DEF,TOT,19,9,1,2026-09-12T16:30:00Z,90,7,0,0,1,0,1,30,10.8,31.5,8.0,5.0,0.07,0.09,0.16,1.11,1,44
2026-27,4,503,Van de Ven,DEF,TOT,19,9,1,2026-09-12T16:30:00Z,90,6,0,0,1,0,0,27,15.0,3.1,0.0,1.8,0.0,0.02,0.02,1.11,1,50
2026-27,4,504,Vuskovic,DEF,BHA,5,7,0,2026-09-13T13:00:00Z,77,6,0,0,1,0,0,27,16.2,1.8,13.0,3.1,0.11,0.01,0.12,1.11,1,50
2026-27,4,505,Spence,DEF,TOT,19,9,1,2026-09-12T16:30:00Z,0,0,0,0,0,0,0,0,0.0,0.0,0.0,0.0,0.0,0.0,0.0,0.0,0,45
2026-27,4,506,Udogie,DEF,TOT,19,9,1,2026-09-12T16:30:00Z,0,0,0,0,0,0,0,0,0.0,0.0,0.0,0.0,0.0,0.0,0.0,0.0,0,45
2026-27,4,507,Phillips,DEF,TOT,19,9,1,2026-09-12T16:30:00Z,0,0,0,0,0,0,0,0,0.0,0.0,0.0,0.0,0.0,0.0,0.0,0.0,0,45
2026-27,4,508,Davies,DEF,TOT,19,9,1,2026-09-12T16:30:00Z,0,0,0,0,0,0,0,0,0.0,0.0,0.0,0.0,0.0,0.0,0.0,0.0,0,40
2026-27,4,509,Byfield,DEF,TOT,19,9,1,2026-09-12T16:30:00Z,0,0,0,0,0,0,0,0,0.0,0.0,0.0,0.0,0.0,0.0,0.0,0.0,0,40
2026-27,4,510,Rowswell,DEF,TOT,19,9,1,2026-09-12T16:30:00Z,0,0,0,0,0,0,0,0,0.0,0.0,0.0,0.0,0.0,0.0,0.0,0.0,0,40
2026-27,4,511,Souza,DEF,TOT,19,9,1,2026-09-12T16:30:00Z,0,0,0,0,0,0,0,0,0.0,0.0,0.0,0.0,0.0,0.0,0.0,0.0,0,40
2026-27,4,512,Kudus,MID,TOT,19,9,1,2026-09-12T16:30:00Z,27,1,0,0,0,0,0,8,6.0,12.8,6.0,2.5,0.0,0.05,0.05,0.44,0,65
2026-27,4,513,Xavi,MID,TOT,19,9,1,2026-09-12T16:30:00Z,0,0,0,0,0,0,0,0,0.0,0.0,0.0,0.0,0.0,0.0,0.0,0.0,0,59
2026-27,4,514,Tel,MID,TOT,19,9,1,2026-09-12T16:30:00Z,27,1,0,0,0,0,0,3,0.6,3.2,9.0,1.3,0.01,0.09,0.1,0.44,0,58
2026-27,4,515,Maddison,MID,TOT,19,9,1,2026-09-12T16:30:00Z,13,1,0,0,0,0,0,3,6.8,3.8,0.0,1.1,0.0,0.01,0.01,0.03,0,63
2026-27,4,516,Bentancur,MID,TOT,19,9,1,2026-09-12T16:30:00Z,62,3,0,0,1,0,0,15,22.6,7.9,0.0,3.1,0.0,0.04,0.04,0.67,1,55
2026-27,4,517,Odobert,MID,TOT,19,9,1,2026-09-12T16:30:00Z,0,0,0,0,0,0,0,0,0.0,0.0,0.0,0.0,0.0,0.0,0.0,0.0,0,55
2026-27,4,518,P.M.Sarr,MID,TOT,19,9,1,2026-09-12T16:30:00Z,0,0,0,0,0,0,0,0,0.0,0.0,0.0,0.0,0.0,0.0,0.0,0.0,0,49
2026-27,4,519,Gallagher,MID,TOT,19,9,1,2026-09-12T16:30:00Z,0,0,0,0,0,0,0,0,0.0,0.0,0.0,0.0,0.0,0.0,0.0,0.0,0,54
2026-27,4,520,Bergvall,MID,TOT,19,9,1,2026-09-12T16:30:00Z,27,1,0,0,0,0,0,8,8.0,7.9,7.0,2.3,0.06,0.25,0.31,0.44,0,54
2026-27,4,521,Kulusevski,MID,TOT,19,9,1,2026-09-12T16:30:00Z,0,0,0,0,0,0,0,0,0.0,0.0,0.0,0.0,0.0,0.0,0.0,0.0,0,65
2026-27,4,522,Gray,MID,TOT,19,9,1,2026-09-12T16:30:00Z,84,3,0,0,1,0,0,13,9.6,6.7,10.0,2.6,0.09,0.03,0.12,1.08,1,50
2026-27,4,523,Moore,MID,TOT,19,9,1,2026-09-12T16:30:00Z,0,0,0,0,0,0,0,0,0.0,0.0,0.0,0.0,0.0,0.0,0.0,0.0,0,50
2026-27,4,524,Olusesi,MID,TOT,19,9,1,2026-09-12T16:30:00Z,0,0,0,0,0,0,0,0,0.0,0.0,0.0,0.0,0.0,0.0,0.0,0.0,0,44
2026-27,4,525,Fernandes,MID,TOT,19,9,1,2026-09-12T16:30:00Z,62,3,0,0,1,0,0,15,3.0,13.0,22.0,3.8,0.11,0.03,0.14,0.67,1,58
2026-27,4,526,Solanke,FWD,TOT,19,9,1,2026-09-12T16:30:00Z,62,2,0,0,1,0,0,4,0.0,4.3,6.0,0.8,0.0,0.01,0.01,0.67,1,59
2026-27,4,527,Richarlison,FWD,TOT,19,9,1,2026-09-12T16:30:00Z,0,0,0,0,0,0,0,0,0.0,0.0,0.0,0.0,0.0,0.0,0.0,0.0,0,59
2026-27,4,528,Scarlett,FWD,TOT,19,9,1,2026-09-12T16:30:00Z,0,0,0,0,0,0,0,0,0.0,0.0,0.0,0.0,0.0,0.0,0.0,0.0,0,45
2026-27,4,529,Roefs,GK,SUN,20,1,1,2026-09-12T19:00:00Z,90,2,0,0,0,2,0,9,27.2,0.0,0.0,2.7,0.0,0.0,0.0,1.88,1,50
2026-27,4,530,Patterson,GK,SUN,20,1,1,2026-09-12T19:00:00Z,0,0,0,0,0,0,0,0,0.0,0.0,0.0,0.0,0.0,0.0,0.0,0.0,0,40
2026-27,4,531,Ellborg,GK,SUN,20,1,1,2026-09-12T19:00:00Z,0,0,0,0,0,0,0,0,0.0,0.0,0.0,0.0,0.0,0.0,0.0,0.0,0,45
2026-27,4,532,Ballard,DEF,SUN,20,1,1,2026-09-12T19:00:00Z,90,0,0,0,0,2,0,0,9.0,10.8,9.0,2.9,0.08,0.01,0.09,1.88,1,49
2026-27,4,533,Mukiele,DEF,SUN,20,1,1,2026-09-12T19:00:00Z,90,0,0,0,0,2,0,-5,10.4,4.9,46.0,6.1,0.7,0.02,0.72,1.88,1,55
2026-27,4,534,Hume,DEF,SUN,20,1,1,2026-09-12T19:00:00Z,0,0,0,0,0,0,0,0,0.0,0.0,0.0,0.0,0.0,0.0,0.0,0.0,0,44
2026-27,4,535,Alderete,DEF,SUN,20,1,1,2026-09-12T19:00:00Z,0,0,0,0,0,0,0,0,0.0,0.0,0.0,0.0,0.0,0.0,0.0,0.0,0,49
2026-27,4,536,Reinildo,DEF,SUN,20,1,1,2026-09-12T19:00:00Z,90,-2,0,0,0,2,0,-12,0.0,1.4,0.0,0.0,0.0,0.01,0.01,1.09,1,45
2026-27,4,537,Seelt,DEF,SUN,20,1,1,2026-09-12T19:00:00Z,0,0,0,0,0,0,0,0,0.0,0.0,0.0,0.0,0.0,0.0,0.0,0.0,0,45
2026-27,4,538,Hjelde,DEF,SUN,20,1,1,2026-09-12T19:00:00Z,0,0,0,0,0,0,0,0,0.0,0.0,0.0,0.0,0.0,0.0,0.0,0.0,0,40
2026-27,4,539,O'Nien,DEF,SUN,20,1,1,2026-09-12T19:00:00Z,0,0,0,0,0,0,0,0,0.0,0.0,0.0,0.0,0.0,0.0,0.0,0.0,0,40
2026-27,4,540,Masuaku,DEF,SUN,20,1,1,2026-09-12T19:00:00Z,0,0,0,0,0,0,0,0,0.0,0.0,0.0,0.0,0.0,0.0,0.0,0.0,0,40
2026-27,4,541,Meunier,DEF,SUN,20,1,1,2026-09-12T19:00:00Z,75,2,0,0,0,1,0,5,5.8,1.8,15.0,2.3,0.13,0.0,0.13,1.09,1,45
2026-27,4,542,E.Le Fée,MID,SUN,20,1,1,2026-09-12T19:00:00Z,90,0,0,0,0,2,0,6,6.8,29.7,26.0,6.3,0.85,0.59,1.44,1.88,1,58
2026-27,4,543,Diarra,MID,SUN,20,1,1,2026-09-12T19:00:00Z,0,0,0,0,0,0,0,0,0.0,0.0,0.0,0.0,0.0,0.0,0.0,0.0,0,54
2026-27,4,544,Xhaka,MID,SUN,20,1,1,2026-09-12T19:00:00Z,90,1,0,0,0,2,0,19,14.6,44.0,0.0,5.9,0.0,0.37,0.37,1.88,1,55
2026-27,4,545,Sadiki,MID,SUN,20,1,1,2026-09-12T19:00:00Z,90,2,0,0,0,2,0,11,11.0,1.3,1.0,1.3,0.04,0.0,0.04,1.88,1,49
2026-27,4,546,Adingra,MID,SUN,20,1,1,2026-09-12T19:00:00Z,0,0,0,0,0,0,0,0,0.0,0.0,0.0,0.0,0.0,0.0,0.0,0.0,0,49
2026-27,4,547,Mundle,MID,SUN,20,1,1,2026-09-12T19:00:00Z,0,0,0,0,0,0,0,0,0.0,0.0,0.0,0.0,0.0,0.0,0.0,0.0,0,49
2026-27,4,548,Rigg,MID,SUN,20,1,1,2026-09-12T19:00:00Z,0,0,0,0,0,0,0,0,0.0,0.0,0.0,0.0,0.0,0.0,0.0,0.0,0,49
2026-27,4,549,Talbi,MID,SUN,20,1,1,2026-09-12T19:00:00Z,0,0,0,0,0,0,0,0,0.0,0.0,0.0,0.0,0.0,0.0,0.0,0.0,0,54
2026-27,4,550,Jocelin.T,MID,SUN,20,1,1,2026-09-12T19:00:00Z,0,0,0,0,0,0,0,0,0.0,0.0,0.0,0.0,0.0,0.0,0.0,0.0,0,50
2026-27,4,551,N.Angulo,MID,SUN,20,1,1,2026-09-12T19:00:00Z,69,2,0,0,0,1,0,7,2.2,0.9,2.0,0.5,0.0,0.0,0.0,0.81,1,50
2026-27,4,552,Brobbey,FWD,SUN,20,1,1,2026-09-12T19:00:00Z,90,1,0,0,0,2,0,4,0.0,11.5,14.0,2.4,0.0,0.01,0.01,1.88,1,58
2026-27,4,553,Isidor,FWD,SUN,20,1,1,2026-09-12T19:00:00Z,20,1,0,0,0,1,0,1,1.2,0.1,0.0,0.1,0.0,0.0,0.0,1.07,0,55
2026-27,4,554,Van Oevelen,GK,IPS,12,8,0,2026-09-12T14:00:00Z,0,0,0,0,0,0,0,0,0.0,0.0,0.0,0.0,0.0,0.0,0.0,0.0,0,45
2026-27,4,555,Matthews,GK,CRY,8,12,1,2026-09-12T14:00:00Z,0,0,0,0,0,0,0,0,0.0,0.0,0.0,0.0,0.0,0.0,0.0,0.0,0,40
2026-27,4,556,Targett,DEF,HUL,11,6,0,2026-09-12T14:00:00Z,0,0,0,0,0,0,0,0,0.0,0.0,0.0,0.0,0.0,0.0,0.0,0.0,0,40
2026-27,4,557,Tzolis,MID,ARS,1,20,0,2026-09-12T19:00:00Z,80,3,0,0,1,0,0,10,3.8,7.3,2.0,1.3,0.0,0.13,0.13,1.41,1,64
2026-27,4,558,Schlager,MID,NFO,18,2,0,2026-09-12T14:00:00Z,90,3,0,0,0,1,0,18,21.8,15.2,17.0,5.4,0.06,0.02,0.08,0.82,1,50
2026-27,4,559,Bamba,MID,NEW,17,13,0,2026-09-14T19:00:00Z,10,1,0,0,0,0,0,4,1.4,0.3,0.0,0.2,0.0,0.0,0.0,0.11,0,49
2026-27,4,560,Penders,GK,CHE,6,11,1,2026-09-12T14:00:00Z,0,0,0,0,0,0,0,0,0.0,0.0,0.0,0.0,0.0,0.0,0.0,0.0,0,44
2026-27,4,561,Anselmino,DEF,CHE,6,11,1,2026-09-12T14:00:00Z,0,0,0,0,0,0,0,0,0.0,0.0,0.0,0.0,0.0,0.0,0.0,0.0,0,45
2026-27,4,562,Maeda,MID,IPS,12,8,0,2026-09-12T14:00:00Z,27,1,0,0,0,1,0,1,0.0,2.3,0.0,0.0,0.0,0.0,0.0,0.41,0,54
2026-27,4,563,Morita,MID,HUL,11,6,0,2026-09-12T14:00:00Z,0,0,0,0,0,0,0,0,0.0,0.0,0.0,0.0,0.0,0.0,0.0,0.0,0,50
2026-27,4,564,Scherpen,GK,IPS,12,8,0,2026-09-12T14:00:00Z,90,1,0,0,0,2,0,6,15.0,0.0,0.0,1.5,0.0,0.0,0.0,0.62,1,45
2026-27,4,565,M.Sangaré,MID,BRE,4,3,0,2026-09-12T14:00:00Z,90,4,0,0,0,2,0,19,18.2,9.4,0.0,2.8,0.0,0.28,0.28,1.75,1,57
2026-27,4,566,Silva,DEF,BOU,3,4,1,2026-09-12T14:00:00Z,90,3,0,0,0,2,0,-2,18.0,5.3,11.0,3.4,0.58,0.23,0.81,0.5,1,50
2026-27,4,567,Horníček,GK,NEW,17,13,0,2026-09-14T19:00:00Z,90,1,0,0,0,4,0,2,29.4,0.0,0.0,2.9,0.0,0.0,0.0,2.08,1,50
2026-27,4,568,Barco,MID,CHE,6,11,1,2026-09-12T14:00:00Z,21,0,0,0,0,0,0,7,1.6,2.9,2.0,0.7,0.0,0.09,0.09,0.54,0,55
2026-27,4,569,Gonzalo,FWD,FUL,10,14,0,2026-09-12T14:00:00Z,76,2,0,0,1,0,0,5,4.4,10.9,10.0,2.5,0.2,0.03,0.23,0.81,1,60
2026-27,4,570,Palacios,MID,FUL,10,14,0,2026-09-12T14:00:00Z,0,0,0,0,0,0,0,0,0.0,0.0,0.0,0.0,0.0,0.0,0.0,0.0,0,55
2026-27,4,571,Florentino,MID,IPS,12,8,0,2026-09-12T14:00:00Z,13,1,0,0,0,0,0,8,9.0,21.3,2.0,3.2,0.0,0.01,0.01,0.27,0,49
2026-27,4,572,Tzolakis,GK,HUL,11,6,0,2026-09-12T14:00:00Z,90,2,0,0,0,2,0,15,29.4,0.0,0.0,2.9,0.0,0.0,0.0,0.91,1,46
2026-27,4,573,Sanchez,DEF,BOU,3,4,1,2026-09-12T14:00:00Z,0,0,0,0,0,0,0,0,0.0,0.0,0.0,0.0,0.0,0.0,0.0,0.0,0,45
2026-27,4,574,Hjertø-Dahl,MID,HUL,11,6,0,2026-09-12T14:00:00Z,0,0,0,0,0,0,0,0,0.0,0.0,0.0,0.0,0.0,0.0,0.0,0.0,0,49
2026-27,4,575,Yirenkyi,MID,COV,7,5,1,2026-09-13T13:00:00Z,17,1,0,0,0,2,0,3,0.0,10.5,0.0,1.0,0.0,0.01,0.01,0.64,0,49
2026-27,4,576,Stroud,MID,HUL,11,6,0,2026-09-12T14:00:00Z,59,1,0,0,0,1,0,3,0.0,1.8,1.0,0.2,0.01,0.0,0.01,0.26,1,50
2026-27,4,577,Tomiyasu,DEF,CRY,8,12,1,2026-09-12T14:00:00Z,53,0,0,0,0,2,0,6,10.2,1.3,4.0,1.6,0.0,0.01,0.01,1.29,0,45
2026-27,4,578,Mudryk,MID,TOT,19,9,1,2026-09-12T16:30:00Z,0,0,0,0,0,0,0,0,0.0,0.0,0.0,0.0,0.0,0.0,0.0,0.0,0,54
2026-27,4,579,Araujo,DEF,LIV,14,10,1,2026-09-12T14:00:00Z,71,6,0,0,1,0,0,24,9.8,1.8,2.0,1.4,0.0,0.0,0.0,0.6,1,54
2026-27,4,580,Charles,MID,FUL,10,14,0,2026-09-12T14:00:00Z,90,5,0,0,1,0,0,19,29.0,3.4,0.0,3.2,0.0,0.02,0.02,1.28,1,50
2026-27,4,581,Diomande,DEF,NFO,18,2,0,2026-09-12T14:00:00Z,90,4,0,0,0,1,0,10,24.6,0.4,11.0,3.6,0.11,0.0,0.11,0.82,1,54
2026-27,4,582,Madjo,FWD,AVL,2,18,1,2026-09-12T14:00:00Z,0,0,0,0,0,0,0,0,0.0,0.0,0.0,0.0,0.0,0.0,0.0,0.0,0,55
2026-27,4,583,Chavarria,DEF,CHE,6,11,1,2026-09-12T14:00:00Z,45,1,0,0,0,0,0,4,2.0,1.7,2.0,0.6,0.0,0.01,0.01,0.94,0,49
2026-27,4,584,Hamer,MID,COV,7,5,1,2026-09-13T13:00:00Z,0,0,0,0,0,0,0,0,0.0,0.0,0.0,0.0,0.0,0.0,0.0,0.0,0,54
2026-27,4,585,Herrington,DEF,HUL,11,6,0,2026-09-12T14:00:00Z,31,1,0,0,0,1,0,-1,1.6,0.4,0.0,0.2,0.0,0.01,0.01,0.64,0,40
2026-27,4,586,Mendy,DEF,HUL,11,6,0,2026-09-12T14:00:00Z,58,1,0,0,0,1,0,3,12.6,0.2,0.0,1.3,0.0,0.0,0.0,0.26,1,41
2026-27,4,587,Rulli,GK,MCI,15,16,0,2026-09-13T15:30:00Z,0,0,0,0,0,0,0,0,0.0,0.0,0.0,0.0,0.0,0.0,0.0,0.0,0,50
2026-27,4,588,Khalaili,DEF,CRY,8,12,1,2026-09-12T14:00:00Z,90,7,1,0,0,3,0,4,40.4,16.0,31.0,8.7,0.22,0.14,0.36,1.68,1,50
2026-27,4,589,Gourna-Douath,MID,HUL,11,6,0,2026-09-12T14:00:00Z,0,0,0,0,0,0,0,0,0.0,0.0,0.0,0.0,0.0,0.0,0.0,0.0,0,50
2026-27,4,590,Benda,GK,NFO,18,2,0,2026-09-12T14:00:00Z,0,0,0,0,0,0,0,0,0.0,0.0,0.0,0.0,0.0,0.0,0.0,0.0,0,45
2026-27,4,591,Enciso,MID,IPS,12,8,0,2026-09-12T14:00:00Z,90,2,0,0,0,2,0,7,2.2,13.8,13.0,2.9,0.05,0.2,0.25,0.62,1,55
2026-27,4,592,Ouattara,DEF,IPS,12,8,0,2026-09-12T14:00:00Z,2,1,0,0,0,0,0,5,2.2,0.2,0.0,0.2,0.0,0.0,0.0,0.0,0,40
2026-27,4,593,Dedić,DEF,NEW,17,13,0,2026-09-14T19:00:00Z,57,0,0,0,0,3,0,-3,10.4,2.7,0.0,1.3,0.0,0.0,0.0,1.91,1,45
2026-27,4,594,David,FWD,BHA,5,7,0,2026-09-13T13:00:00Z,0,0,0,0,0,0,0,0,0.0,0.0,0.0,0.0,0.0,0.0,0.0,0.0,0,60
2026-27,4,595,Gozo,MID,CRY,8,12,1,2026-09-12T14:00:00Z,6,1,0,0,0,1,0,3,0.0,0.3,0.0,0.0,0.0,0.0,0.0,0.48,0,50
2026-27,4,596,Ruggeri,DEF,AVL,2,18,1,2026-09-12T14:00:00Z,0,0,0,0,0,0,0,0,0.0,0.0,0.0,0.0,0.0,0.0,0.0,0.0,0,45
2026-27,4,597,Suzuki,GK,AVL,2,18,1,2026-09-12T14:00:00Z,90,2,0,0,0,2,0,17,38.6,0.0,0.0,3.9,0.0,0.01,0.01,2.28,1,50
2026-27,4,598,Elvedi,DEF,LEE,13,17,1,2026-09-14T19:00:00Z,90,2,0,0,0,1,0,8,18.6,0.9,10.0,3.0,0.05,0.0,0.05,0.88,1,45
2026-27,4,599,Cherif,FWD,COV,7,5,1,2026-09-13T13:00:00Z,30,1,0,0,0,3,0,3,1.0,0.2,0.0,0.1,0.0,0.0,0.0,1.43,0,50
2026-27,4,600,Osman,MID,BHA,5,7,0,2026-09-13T13:00:00Z,12,1,0,0,0,0,0,2,0.0,1.1,13.0,1.2,0.05,0.01,0.06,0.22,0,50
2026-27,4,601,Williams-Barnett,MID,TOT,19,9,1,2026-09-12T16:30:00Z,0,0,0,0,0,0,0,0,0.0,0.0,0.0,0.0,0.0,0.0,0.0,0.0,0,45
2026-27,4,602,Humphreys,MID,IPS,12,8,0,2026-09-12T14:00:00Z,0,0,0,0,0,0,0,0,0.0,0.0,0.0,0.0,0.0,0.0,0.0,0.0,0,45
2026-27,4,603,Lienou,DEF,LEE,13,17,1,2026-09-14T19:00:00Z,0,0,0,0,0,0,0,0,0.0,0.0,0.0,0.0,0.0,0.0,0.0,0.0,0,40
2026-27,4,604,Cresswell,MID,LEE,13,17,1,2026-09-14T19:00:00Z,0,0,0,0,0,0,0,0,0.0,0.0,0.0,0.0,0.0,0.0,0.0,0.0,0,45
2026-27,4,605,Yalcouyé,MID,BHA,5,7,0,2026-09-13T13:00:00Z,64,8,1,0,1,0,0,29,47.4,12.8,43.0,10.3,0.67,0.01,0.68,1.11,1,45
2026-27,4,606,Rowe,DEF,AVL,2,18,1,2026-09-12T14:00:00Z,0,0,0,0,0,0,0,0,0.0,0.0,0.0,0.0,0.0,0.0,0.0,0.0,0,40
2026-27,4,607,Lynch,MID,AVL,2,18,1,2026-09-12T14:00:00Z,0,0,0,0,0,0,0,0,0.0,0.0,0.0,0.0,0.0,0.0,0.0,0.0,0,45
2026-27,4,608,Jebbison,FWD,BOU,3,4,1,2026-09-12T14:00:00Z,0,0,0,0,0,0,0,0,0.0,0.0,0.0,0.0,0.0,0.0,0.0,0.0,0,50
2026-27,4,609,Shahar,DEF,NEW,17,13,0,2026-09-14T19:00:00Z,0,0,0,0,0,0,0,0,0.0,0.0,0.0,0.0,0.0,0.0,0.0,0.0,0,40
2026-27,4,610,De Fougerolles,DEF,FUL,10,14,0,2026-09-12T14:00:00Z,0,0,0,0,0,0,0,0,0.0,0.0,0.0,0.0,0.0,0.0,0.0,0.0,0,40
2026-27,4,611,Wan-Bissaka,DEF,AVL,2,18,1,2026-09-12T14:00:00Z,90,3,0,0,0,2,0,11,26.0,13.3,0.0,3.9,0.0,0.06,0.06,2.28,1,45
2026-27,4,612,Methalie,DEF,SUN,20,1,1,2026-09-12T19:00:00Z,0,0,0,0,0,0,0,0,0.0,0.0,0.0,0.0,0.0,0.0,0.0,0.0,0,45
2026-27,4,613,Ahoka,MID,SUN,20,1,1,2026-09-12T19:00:00Z,0,0,0,0,0,0,0,0,0.0,0.0,0.0,0.0,0.0,0.0,0.0,0.0,0,45
2026-27,4,614,Hadjam,DEF,BHA,5,7,0,2026-09-13T13:00:00Z,0,0,0,0,0,0,0,0,0.0,0.0,0.0,0.0,0.0,0.0,0.0,0.0,0,45
2026-27,4,615,Di Gregorio,GK,BOU,3,4,1,2026-09-12T14:00:00Z,0,0,0,0,0,0,0,0,0.0,0.0,0.0,0.0,0.0,0.0,0.0,0.0,0,45
2026-27,4,616,Bouaddi,MID,MCI,15,16,0,2026-09-13T15:30:00Z,0,0,0,0,0,0,0,0,0.0,0.0,0.0,0.0,0.0,0.0,0.0,0.0,0,55
2026-27,4,617,Cho,MID,HUL,11,6,0,2026-09-12T14:00:00Z,30,1,0,0,0,1,0,3,7.2,18.5,21.0,4.7,0.47,0.16,0.63,0.64,0,50
2026-27,4,618,Goretzka,MID,AVL,2,18,1,2026-09-12T14:00:00Z,0,0,0,0,0,0,0,0,0.0,0.0,0.0,0.0,0.0,0.0,0.0,0.0,0,60
2026-27,4,619,Palacios,MID,IPS,12,8,0,2026-09-12T14:00:00Z,90,4,0,0,0,2,0,14,18.0,5.9,2.0,2.6,0.0,0.04,0.04,0.62,1,50
2026-27,4,620,Diouf,DEF,BRE,4,3,0,2026-09-12T14:00:00Z,30,1,0,0,0,0,0,4,3.4,1.0,0.0,0.4,0.0,0.01,0.01,0.5,0,45
2026-27,4,621,McAidoo,MID,MCI,15,16,0,2026-09-13T15:30:00Z,0,0,0,0,0,0,0,0,0.0,0.0,0.0,0.0,0.0,0.0,0.0,0.0,0,45
2026-27,4,622,Braithwaite,DEF,MCI,15,16,0,2026-09-13T15:30:00Z,0,0,0,0,0,0,0,0,0.0,0.0,0.0,0.0,0.0,0.0,0.0,0.0,0,40
2026-27,4,623,Bentley,GK,COV,7,5,1,2026-09-13T13:00:00Z,0,0,0,0,0,0,0,0,0.0,0.0,0.0,0.0,0.0,0.0,0.0,0.0,0,40
2026-27,4,624,Cozier-Duberry,MID,BHA,5,7,0,2026-09-13T13:00:00Z,0,0,0,0,0,0,0,0,0.0,0.0,0.0,0.0,0.0,0.0,0.0,0.0,0,50
2026-27,4,625,Cairns,GK,LEE,13,17,1,2026-09-14T19:00:00Z,0,0,0,0,0,0,0,0,0.0,0.0,0.0,0.0,0.0,0.0,0.0,0.0,0,40
2026-27,4,626,Zepa,MID,FUL,10,14,0,2026-09-12T14:00:00Z,0,0,0,0,0,0,0,0,0.0,0.0,0.0,0.0,0.0,0.0,0.0,0.0,0,45
2026-27,4,627,Barcola,MID,LIV,14,10,1,2026-09-12T14:00:00Z,71,3,0,0,1,0,0,9,5.6,13.6,8.0,2.7,0.21,0.03,0.24,0.6,1,80
2026-27,4,628,Allan,MID,MCI,15,16,0,2026-09-13T15:30:00Z,0,0,0,0,0,0,0,0,0.0,0.0,0.0,0.0,0.0,0.0,0.0,0.0,0,60
2026-27,4,629,Zetterer,GK,LEE,13,17,1,2026-09-14T19:00:00Z,0,0,0,0,0,0,0,0,0.0,0.0,0.0,0.0,0.0,0.0,0.0,0.0,0,40
2026-27,4,630,Harwood-Bellis,DEF,AVL,2,18,1,2026-09-12T14:00:00Z,0,0,0,0,0,0,0,0,0.0,0.0,0.0,0.0,0.0,0.0,0.0,0.0,0,45
2026-27,4,631,Mbaye,MID,AVL,2,18,1,2026-09-12T14:00:00Z,27,1,0,0,0,1,0,6,9.0,15.2,19.0,4.3,0.02,0.13,0.15,0.86,0,60
2026-27,4,632,Ansah,FWD,HUL,11,6,0,2026-09-12T14:00:00Z,0,0,0,0,0,0,0,0,0.0,0.0,0.0,0.0,0.0,0.0,0.0,0.0,0,50
2026-27,4,633,Ahanor,DEF,CRY,8,12,1,2026-09-12T14:00:00Z,90,3,0,0,0,3,0,10,24.6,11.9,4.0,4.1,0.0,0.01,0.01,1.68,1,45
2026-27,4,634,Fernandez-Pardo,FWD,NEW,17,13,0,2026-09-14T19:00:00Z,57,1,0,0,0,3,0,5,2.2,10.9,4.0,1.7,0.0,0.01,0.01,1.91,1,60
2026-27,4,635,Larsson,MID,FUL,10,14,0,2026-09-12T14:00:00Z,13,1,0,0,0,0,0,3,0.0,0.5,0.0,0.1,0.0,0.01,0.01,0.46,0,50
2026-27,4,636,Ángel,MID,FUL,10,14,0,2026-09-12T14:00:00Z,0,0,0,0,0,0,0,0,0.0,0.0,0.0,0.0,0.0,0.0,0.0,0.0,0,50
2026-27,4,637,Vaz,FWD,HUL,11,6,0,2026-09-12T14:00:00Z,8,1,0,0,0,0,0,3,0.0,0.5,0.0,0.0,0.0,0.0,0.0,0.18,0,50
2026-27,4,638,Norton-Cuffy,DEF,HUL,11,6,0,2026-09-12T14:00:00Z,8,0,0,0,0,0,0,0,0.0,0.3,7.0,0.7,0.05,0.0,0.05,0.18,0,40
2026-27,4,639,Andrés,MID,BHA,5,7,0,2026-09-13T13:00:00Z,25,4,0,1,0,0,0,10,18.8,13.1,2.0,3.4,0.24,0.01,0.25,0.22,0,55
2026-27,4,640,Flemming,FWD,IPS,12,8,0,2026-09-12T14:00:00Z,27,5,1,0,0,1,0,32,35.0,1.3,44.0,8.0,0.52,0.0,0.52,0.41,0,55
2026-27,4,641,Bard,DEF,LEE,13,17,1,2026-09-14T19:00:00Z,18,1,0,0,0,1,0,1,4.4,10.3,0.0,1.5,0.0,0.0,0.0,0.3,0,45
2026-27,4,642,Thomas,MID,HUL,11,6,0,2026-09-12T14:00:00Z,30,1,0,0,0,1,0,6,5.6,14.8,4.0,2.4,0.02,0.03,0.05,0.64,0,55
2026-27,4,643,Chilwell,DEF,CRY,8,12,1,2026-09-12T14:00:00Z,13,1,0,0,0,1,0,1,0.2,3.5,4.0,0.8,0.12,0.01,0.13,0.55,0,45
2026-27,4,644,Timber,MID,CRY,8,12,1,2026-09-12T14:00:00Z,90,4,0,0,0,3,0,24,25.2,4.9,27.0,5.7,0.1,0.03,0.13,1.68,1,50
2026-27,4,645,Mouzakitis,MID,HUL,11,6,0,2026-09-12T14:00:00Z,0,0,0,0,0,0,0,0,0.0,0.0,0.0,0.0,0.0,0.0,0.0,0.0,0,50
2026-27,4,646,Fofana,MID,SUN,20,1,1,2026-09-12T19:00:00Z,14,1,0,0,0,1,0,2,0.0,0.8,6.0,0.6,0.0,0.0,0.0,0.79,0,55
2026-27,4,647,Osorio,MID,CRY,8,12,1,2026-09-12T14:00:00Z,0,0,0,0,0,0,0,0,0.0,0.0,0.0,0.0,0.0,0.0,0.0,0.0,0,55
2026-27,4,648,Bahoya,MID,LEE,13,17,1,2026-09-14T19:00:00Z,0,0,0,0,0,0,0,0,0.0,0.0,0.0,0.0,0.0,0.0,0.0,0.0,0,50
2026-27,4,649,Maitland-Niles,DEF,EVE,9,19,0,2026-09-12T16:30:00Z,74,6,0,0,1,0,0,23,10.0,12.0,1.0,2.3,0.03,0.14,0.17,0.43,1,45
2026-27,4,650,Affengruber,DEF,FUL,10,14,0,2026-09-12T14:00:00Z,90,8,0,0,1,0,0,23,18.6,3.3,0.0,2.2,0.0,0.0,0.0,1.28,1,45
2026-27,4,651,J.Angulo,FWD,SUN,20,1,1,2026-09-12T19:00:00Z,0,0,0,0,0,0,0,0,0.0,0.0,0.0,0.0,0.0,0.0,0.0,0.0,0,45
2026-27,4,652,Azeez,MID,BHA,5,7,0,2026-09-13T13:00:00Z,0,0,0,0,0,0,0,0,0.0,0.0,0.0,0.0,0.0,0.0,0.0,0.0,0,55
2026-27,4,653,Samba,MID,MCI,15,16,0,2026-09-13T15:30:00Z,0,0,0,0,0,0,0,0,0.0,0.0,0.0,0.0,0.0,0.0,0.0,0.0,0,45
2026-27,4,654,Graham,MID,EVE,9,19,0,2026-09-12T16:30:00Z,0,0,0,0,0,0,0,0,0.0,0.0,0.0,0.0,0.0,0.0,0.0,0.0,0,45
2026-27,4,655,Gboho,MID,COV,7,5,1,2026-09-13T13:00:00Z,0,0,0,0,0,0,0,0,0.0,0.0,0.0,0.0,0.0,0.0,0.0,0.0,0,55
2026-27,4,656,Mfuni,DEF,COV,7,5,1,2026-09-13T13:00:00Z,0,0,0,0,0,0,0,0,0.0,0.0,0.0,0.0,0.0,0.0,0.0,0.0,0,40
2026-27,4,657,Nunes,MID,BRE,4,3,0,2026-09-12T14:00:00Z,0,0,0,0,0,0,0,0,0.0,0.0,0.0,0.0,0.0,0.0,0.0,0.0,0,45
2026-27,4,658,Ibrahim,MID,BHA,5,7,0,2026-09-13T13:00:00Z,0,0,0,0,0,0,0,0,0.0,0.0,0.0,0.0,0.0,0.0,0.0,0.0,0,45
2026-27,4,659,Miley,MID,NEW,17,13,0,2026-09-14T19:00:00Z,0,0,0,0,0,0,0,0,0.0,0.0,0.0,0.0,0.0,0.0,0.0,0.0,0,45
